image_id,pred_worker_index,gt_worker_index,iou,pred_distance_m,gt_distance_m,distance_error_m,pred_distance_band,gt_distance_band,pred_high_visibility_vest,gt_high_visibility_vest,pred_helmet_status,gt_helmet_status,pred_orientation,gt_orientation,pred_occlusion_level,gt_occlusion_level
Garage1_000000.png,1,1,0.8679817059113283,5.2,2.978516,2.2214840000000002,Careful,Close,True,True,absent,absent,Back,Back,none,none
Garage1_000036.png,1,1,0.9530048292998263,4.8,3.447266,1.3527339999999999,Careful,Careful,True,True,absent,absent,Back,Back,none,none
Garage1_000060.png,1,1,0.9834194165502501,4.5,3.806641,0.6933590000000001,Careful,Careful,True,True,absent,absent,Back,Back,none,none
Garage1_000108.png,1,1,0.9826145863008654,4.0,4.574219,-0.5742190000000003,Careful,Careful,True,True,absent,absent,Side,Back,none,none
Garage1_000132.png,1,1,0.9574468153166664,3.5,4.839844,-1.3398440000000003,Careful,Careful,True,True,absent,absent,Back,Back,none,none
Garage1_000588.png,1,1,0.8550133549344536,6.5,6.722656,-0.22265599999999974,Safe,Safe,True,True,absent,absent,Side,Side,none,none
Garage1_000612.png,1,1,0.9135961521058644,6.0,7.039062,-1.0390620000000004,Careful,Safe,True,True,absent,absent,Side,Side,none,none
Garage1_000672.png,1,1,0.9524658520199982,5.5,7.257812,-1.7578120000000004,Careful,Safe,True,True,absent,absent,Side,Side,none,none
Garage1_000720.png,1,1,0.9538069353855867,5.0,,,Careful,,True,True,absent,absent,Back,Back,none,none
Garage1_000804.png,1,1,0.9455292378890943,4.5,8.65625,-4.15625,Careful,Safe,True,True,absent,absent,Side,Side,none,none
Garage1_000840.png,1,1,0.9540284800093589,3.5,8.609375,-5.109375,Careful,Safe,True,True,absent,absent,Facing,Facing,none,none
Garage1_000888.png,1,1,0.9686835251116919,3.0,7.421875,-4.421875,Careful,Safe,True,True,absent,absent,Facing,Facing,none,none
Garage1_000984.png,1,1,0.9638325290368689,4.0,5.585938,-1.5859379999999996,Careful,Careful,True,True,absent,absent,Facing,Facing,none,none
Garage1_001008.png,1,1,0.990059452645743,3.5,5.195312,-1.6953120000000004,Careful,Careful,True,True,absent,absent,Facing,Facing,none,none
Garage1_001032.png,1,1,0.9705197176793905,3.2,4.71875,-1.5187499999999998,Careful,Careful,True,True,absent,absent,Side,Side,none,none
Garage1_001056.png,1,1,0.8747255453093106,4.0,4.480469,-0.48046900000000026,Careful,Careful,True,True,absent,absent,Side,Side,none,none
Garage1_001356.png,1,1,0.8822497176097522,3.0,4.257812,-1.2578120000000004,Careful,Careful,True,True,absent,absent,Side,Side,none,none
Garage1_001380.png,1,1,0.9810854953952964,4.5,4.25,0.25,Careful,Careful,True,True,absent,absent,Side,Side,none,none
Garage1_001428.png,1,1,0.8547080581862672,5.0,4.3125,0.6875,Careful,Careful,True,True,absent,absent,Side,Side,none,none
Garage1_001704.png,1,2,0.9776433514001223,4.5,5.441406,-0.9414059999999997,Careful,Careful,False,False,absent,absent,Side,Side,none,partial
Garage1_001704.png,2,1,0.9749589260476063,5.5,4.230469,1.2695309999999997,Careful,Careful,True,True,absent,absent,Facing,Facing,none,none
Garage1_001728.png,1,2,0.9398234042180047,4.5,5.878906,-1.3789059999999997,Careful,Careful,False,False,absent,absent,Side,Side,none,none
Garage1_001728.png,2,1,0.9563988563720762,4.5,4.125,0.375,Careful,Careful,True,True,absent,absent,Facing,Facing,none,none
Garage1_001752.png,1,2,0.9185413322640478,5.5,6.392578,-0.8925780000000003,Careful,Safe,False,False,absent,absent,Side,Side,none,none
Garage1_001752.png,2,1,0.9465487128803804,5.5,4.15625,1.34375,Careful,Careful,True,True,absent,absent,Side,Side,none,none
Garage1_001776.png,1,2,0.9769923430386854,5.5,7.005859,-1.505859,Careful,Safe,False,False,absent,absent,Side,Back,none,none
Garage1_001776.png,2,1,0.9535339324846624,4.5,4.167969,0.33203099999999974,Careful,Careful,True,True,absent,absent,Side,Side,none,none
Garage1_001800.png,1,2,0.9780147517527459,5.5,7.160156,-1.6601559999999997,Careful,Safe,False,False,absent,absent,Side,Side,none,none
Garage1_001800.png,2,1,0.938952244316357,4.5,4.257812,0.24218799999999963,Careful,Careful,True,True,absent,absent,Side,Side,none,none
Garage1_001824.png,1,2,0.9285548974174884,5.5,7.707031,-2.2070309999999997,Careful,Safe,False,False,absent,absent,Side,Back,none,none
Garage1_001824.png,2,1,0.9589416359425353,4.5,4.261719,0.23828099999999974,Careful,Careful,True,True,absent,absent,Side,Side,none,none
Garage1_001848.png,1,2,0.709948278567748,5.5,,,Safe,,False,False,absent,absent,Side,Back,none,heavy
Garage1_001848.png,2,1,0.9388389619146298,4.5,4.296875,0.203125,Careful,Careful,True,True,absent,absent,Back,Back,none,none
Garage1_001872.png,1,1,0.9565444678974593,5.0,4.480469,0.5195309999999997,Careful,Careful,True,True,absent,absent,Back,Back,none,none
Garage1_001896.png,1,1,0.9390207975964897,5.0,4.6875,0.3125,Careful,Careful,True,True,absent,absent,Back,Back,none,none
Garage1_001932.png,1,1,0.9629740414040342,5.0,5.046875,-0.046875,Careful,Careful,True,True,absent,absent,Back,Back,none,none
Garage1_002064.png,1,1,0.9208401722381199,8.0,11.480469,-3.4804689999999994,Safe,Safe,False,False,absent,absent,Back,Back,none,none
Garage1_002064.png,2,2,0.7331097949958442,9.0,,,Safe,,True,uncertain,absent,absent,Side,Back,partial,heavy
Garage1_002304.png,1,1,0.8746001596099627,6.0,7.609375,-1.609375,Careful,Safe,True,True,absent,absent,Side,Side,none,none
Garage1_002340.png,1,1,0.9477961672756811,5.0,7.742188,-2.7421879999999996,Careful,Safe,True,True,absent,absent,Side,Side,none,none
Garage1_002376.png,1,1,0.9154247128708702,6.0,7.816406,-1.8164059999999997,Careful,Safe,True,True,absent,absent,Side,Side,none,none
Garage1_002472.png,1,1,0.9568696394291529,4.0,6.707031,-2.7070309999999997,Careful,Safe,True,True,absent,absent,Facing,Facing,none,none
Garage1_002472.png,2,2,0.8125514932880089,10.0,18.4375,-8.4375,Safe,Safe,uncertain,uncertain,uncertain,uncertain,uncertain,uncertain,none,uncertain
Garage1_002532.png,1,1,0.9012833171709282,4.0,6.34375,-2.34375,Careful,Safe,True,True,absent,absent,Side,Side,none,none
Garage1_002532.png,2,2,0.690407421848894,10.0,,,Safe,,uncertain,False,uncertain,absent,uncertain,Facing,none,none
Garage1_002568.png,1,1,0.9537944098445531,4.0,6.929688,-2.9296879999999996,Careful,Safe,True,True,absent,absent,Back,Back,none,none
Garage1_002568.png,2,2,0.8532934131736527,10.0,,,Safe,,uncertain,uncertain,uncertain,uncertain,uncertain,uncertain,none,uncertain
Garage1_002616.png,1,1,0.9477736456816421,4.0,7.828125,-3.828125,Careful,Safe,True,True,absent,absent,Back,Back,none,none
Garage1_002616.png,2,2,0.89506294404651,10.0,18.328125,-8.328125,Safe,Safe,uncertain,uncertain,uncertain,uncertain,uncertain,uncertain,none,uncertain
Garage1_002652.png,1,1,0.9448299272600245,4.0,8.601562,-4.6015619999999995,Careful,Safe,True,True,absent,absent,Back,Back,none,none
Garage1_002652.png,2,2,0.7305161766984279,10.0,18.539062,-8.539062000000001,Safe,Safe,uncertain,uncertain,uncertain,uncertain,uncertain,uncertain,none,uncertain
Garage1_002676.png,1,1,0.9421713455539052,4.0,9.0,-5.0,Careful,Safe,True,True,absent,absent,Back,Back,none,none
Garage1_002676.png,2,2,0.785169136950423,10.0,18.421875,-8.421875,Safe,Safe,uncertain,uncertain,uncertain,uncertain,uncertain,uncertain,none,uncertain
Garage1_002700.png,1,1,0.9248691962422263,4.0,9.625,-5.625,Careful,Safe,True,True,absent,absent,Back,Back,none,partial
Garage1_002700.png,2,2,0.9188130373227044,15.0,18.515625,-3.515625,Safe,Safe,uncertain,uncertain,uncertain,uncertain,Back,uncertain,none,uncertain
Garage1_002784.png,1,1,0.868223997132701,6.0,17.578125,-11.578125,Careful,Safe,True,True,absent,uncertain,Side,Side,none,none
Garage1_002784.png,3,2,0.7648717396091811,6.0,,,Safe,,uncertain,uncertain,uncertain,uncertain,uncertain,uncertain,none,uncertain
Garage1_002856.png,1,2,0.8695673620587474,8.0,,,Safe,,uncertain,uncertain,uncertain,uncertain,uncertain,uncertain,none,none
Garage1_002856.png,2,1,0.9425174148435043,6.0,,,Safe,,True,True,absent,absent,Facing,Facing,none,none
Garage1_002892.png,1,2,0.9217318515123996,8.0,,,Safe,,uncertain,uncertain,uncertain,uncertain,uncertain,uncertain,none,none
Garage1_002892.png,2,1,0.9633242423483714,6.0,,,Safe,,True,True,absent,absent,Facing,Facing,none,none
Garage1_002916.png,1,2,0.8199697215257995,8.0,,,Safe,,uncertain,True,uncertain,absent,uncertain,Facing,none,none
Garage1_002916.png,2,1,0.9840583951163441,6.0,9.046875,-3.046875,Careful,Safe,True,True,absent,absent,Facing,Facing,none,none
Garage1_002988.png,1,2,0.9623397859722518,8.0,,,Safe,,uncertain,uncertain,uncertain,uncertain,uncertain,Facing,none,none
Garage1_002988.png,2,1,0.9543058648098454,6.0,7.832031,-1.8320309999999997,Careful,Safe,True,True,absent,absent,Facing,Facing,none,none
Garage1_003012.png,1,2,0.9205566455900482,8.0,,,Safe,,uncertain,False,uncertain,absent,uncertain,Facing,none,none
Garage1_003012.png,2,1,0.9613036983016999,6.0,7.328125,-1.328125,Careful,Safe,True,True,absent,absent,Facing,Facing,none,none
Garage1_003048.png,1,2,0.8678789191013755,8.0,,,Safe,,uncertain,True,uncertain,absent,uncertain,Facing,none,none
Garage1_003048.png,2,1,0.9402110942710539,6.0,6.619141,-0.6191409999999999,Careful,Safe,True,True,absent,absent,Facing,Facing,none,none
Garage1_003072.png,1,1,0.9675527719317129,5.0,6.265625,-1.265625,Careful,Safe,True,True,absent,absent,Facing,Facing,none,none
Garage1_003108.png,1,1,0.9615586238982279,3.5,5.53125,-2.03125,Careful,Careful,True,True,absent,absent,Facing,Facing,none,none
Garage1_003108.png,2,2,0.9313833796949005,8.0,,,Safe,,False,False,absent,absent,Facing,Facing,none,none
Garage1_003132.png,1,1,0.9326682024073715,3.0,5.214844,-2.2148440000000003,Careful,Careful,True,True,absent,absent,Side,Side,none,none
Garage1_003132.png,2,2,0.9374016101245469,8.0,,,Safe,,False,False,absent,absent,Facing,Facing,none,none
Garage1_003156.png,1,1,0.9114053938476411,4.0,4.851562,-0.8515620000000004,Careful,Careful,True,True,absent,absent,Side,Side,none,none
Garage1_003156.png,2,2,0.9684750473335116,8.0,,,Safe,,uncertain,False,uncertain,absent,uncertain,Facing,none,none
Garage2_000000.png,1,1,0.9528808732706733,1.5,2.099609,-0.5996090000000001,Close,Close,True,True,worn,worn,Side,Side,none,partial
Garage2_000024.png,1,1,0.9524832459865342,2.0,2.394531,-0.3945310000000002,Close,Close,True,True,worn,worn,Side,Side,none,partial
Garage2_000060.png,1,1,0.9704284143209289,4.0,2.955078,1.0449220000000001,Careful,Close,True,True,worn,worn,Back,Side,none,partial
Garage2_000084.png,1,1,0.8888435905822628,4.0,3.277344,0.7226560000000002,Careful,Careful,True,True,worn,worn,Side,Side,none,none
Garage2_000120.png,1,1,0.9963809913223799,5.0,3.9375,1.0625,Careful,Careful,True,True,worn,worn,Back,Back,none,none
Garage2_000144.png,1,1,0.9841484494223052,5.0,4.25,0.75,Careful,Careful,True,True,worn,worn,Side,Back,none,none
Garage2_000168.png,1,1,0.9547466040792529,6.0,4.613281,1.3867190000000003,Careful,Careful,True,True,worn,worn,Back,Back,none,none
Garage2_000216.png,1,1,0.9687283130623079,7.0,5.253906,1.7460940000000003,Safe,Careful,True,True,worn,worn,Back,Back,none,none
Garage2_000444.png,1,1,0.9165014627633699,6.0,17.515625,-11.515625,Careful,Safe,True,True,worn,worn,Side,Side,none,none
Garage2_000468.png,1,1,0.9710146282692254,8.0,8.300781,-0.30078100000000063,Safe,Safe,True,True,worn,worn,Side,Facing,none,none
Garage2_000492.png,1,1,0.9412783380004143,8.0,8.445312,-0.4453119999999995,Safe,Safe,True,True,worn,worn,Side,Side,none,none
Garage2_000516.png,1,1,0.9552444848285282,5.0,12.335938,-7.3359380000000005,Careful,Safe,True,True,worn,worn,Side,Side,none,none
Garage2_000552.png,1,1,0.9516407837825923,7.0,8.65625,-1.65625,Safe,Safe,True,True,worn,worn,Side,Side,none,none
Garage2_000648.png,1,1,0.944565740042156,5.5,13.695312,-8.195312,Careful,Safe,True,True,worn,worn,Side,Side,none,partial
Garage2_000672.png,1,1,0.9511311952536747,5.0,,,Careful,,True,True,worn,worn,Side,Side,none,none
Garage2_000912.png,1,1,0.9506130497581161,4.5,13.46875,-8.96875,Careful,Safe,True,True,worn,worn,Facing,Side,none,none
Garage2_000960.png,1,1,0.9555788765956664,4.0,7.539062,-3.5390620000000004,Careful,Safe,True,True,worn,worn,Facing,Facing,none,none
Garage2_000996.png,1,1,0.9681500769196212,3.5,6.863281,-3.3632809999999997,Careful,Safe,True,True,worn,worn,Facing,Facing,none,none
Garage2_001056.png,1,1,0.9598266962288562,3.0,5.628906,-2.6289059999999997,Careful,Careful,True,True,worn,worn,Side,Side,none,none
Garage2_001080.png,1,1,0.9569672194798469,2.5,5.242188,-2.7421879999999996,Close,Careful,True,True,worn,worn,Side,Side,none,none
Garage2_001308.png,1,1,0.816096836655876,2.0,,,Close,,True,True,worn,worn,Side,Facing,none,partial
Garage2_001332.png,1,1,0.9839922422468345,4.0,4.144531,-0.14453099999999974,Careful,Careful,True,True,worn,worn,Facing,Side,none,none
Garage2_001356.png,1,1,0.962090951617598,1.5,3.773438,-2.273438,Close,Careful,True,True,worn,worn,Side,Facing,none,none
Garage2_001380.png,1,1,0.9821827585919503,1.2,3.341797,-2.1417970000000004,Close,Careful,True,True,worn,worn,Side,Side,none,none
Garage2_001404.png,1,1,0.9066745250724626,1.0,2.982422,-1.9824220000000001,Close,Close,True,True,worn,worn,Side,Side,none,none
Garage2_001428.png,1,1,0.9831064089732633,0.8,2.640625,-1.840625,Close,Close,True,True,worn,worn,Side,Side,none,none
Garage2_001452.png,1,1,0.9685100760807318,0.6,2.382812,-1.7828119999999998,Close,Close,True,True,worn,worn,Side,Side,none,partial
Garage2_001476.png,1,1,0.9069597714940487,0.5,2.925781,-2.425781,Close,Close,True,True,worn,worn,Side,Side,none,partial
Garage2_001704.png,1,1,0.9257703956092916,3.0,5.148438,-2.1484379999999996,Careful,Careful,True,True,worn,worn,Side,Side,none,none
Garage2_001728.png,1,1,0.9606068053360661,5.0,6.023438,-1.0234379999999996,Careful,Safe,True,True,worn,worn,Back,Back,none,none
Garage2_001764.png,1,1,0.9472664440674663,5.5,7.171875,-1.671875,Careful,Safe,True,True,worn,worn,Back,Back,none,none
Garage2_001824.png,1,1,0.6166292392718035,6.0,,,Safe,,True,True,worn,worn,Back,Facing,none,none
Garage2_002256.png,2,1,0.8550211067794192,5.0,,,Careful,,True,True,worn,worn,Back,Facing,none,none
Garage2_002916.png,1,1,0.9159137841540613,4.5,,,Careful,,True,True,worn,worn,Facing,Facing,none,none
Garage2_003000.png,1,1,0.9777742599520922,4.0,7.832031,-3.8320309999999997,Careful,Safe,True,True,worn,worn,Facing,Facing,none,none
Garage2_003060.png,1,1,0.9730969996401811,3.5,6.472656,-2.9726559999999997,Careful,Safe,True,True,worn,worn,Facing,Facing,none,none
Garage2_003408.png,1,1,0.9423964750609831,2.5,,,Close,,True,True,worn,worn,Side,Side,none,partial
Garage2_003504.png,1,1,0.8240963928729312,4.0,4.882812,-0.8828120000000004,Careful,Careful,True,True,worn,worn,Side,Side,none,none
Garage2_003576.png,1,1,0.9431699442890961,3.0,4.894531,-1.8945309999999997,Careful,Careful,True,True,worn,worn,Side,Side,none,none
Garage2_003600.png,1,1,0.9587148981393736,2.5,5.050781,-2.5507809999999997,Close,Careful,True,True,worn,worn,Side,Side,none,none
Garage2_003756.png,1,1,0.7986968876673208,2.0,4.023438,-2.0234379999999996,Close,Careful,True,True,worn,worn,Side,Facing,none,partial
Garage2_003780.png,1,1,0.9750641947973283,1.5,4.039062,-2.5390620000000004,Close,Careful,True,True,worn,worn,Facing,Facing,none,none
Garage2_003804.png,1,1,0.9480895961866439,1.2,3.826172,-2.6261720000000004,Close,Careful,True,True,worn,worn,Facing,Facing,none,none
Garage2_003840.png,1,1,0.9571341401499,3.0,3.386719,-0.3867189999999998,Careful,Careful,True,True,worn,worn,Facing,Facing,none,none
Garage2_003864.png,1,1,0.9941021044891034,2.5,3.025391,-0.5253909999999999,Close,Careful,True,True,worn,worn,Facing,Facing,none,partial
Garage2_003900.png,1,1,0.9694878201084809,1.0,2.378906,-1.3789060000000002,Close,Close,True,True,worn,worn,Facing,Facing,none,partial
Garage2_003924.png,1,1,0.9541626958175908,0.8,1.951172,-1.1511719999999999,Close,Close,True,True,worn,worn,Facing,Facing,none,partial
Garage2_003948.png,1,1,0.9506257926264423,1.5,1.49707,0.002930000000000099,Close,Close,True,True,worn,worn,Facing,Facing,none,partial
Garage2_003972.png,1,1,0.6196484207253101,0.5,1.124023,-0.624023,Close,Close,True,True,worn,worn,Side,Facing,none,partial
Garage3_000036.png,1,1,0.5863662275983083,1.0,,,Close,,True,True,worn,worn,Side,Side,none,heavy
Garage3_000060.png,1,1,0.9313236202173293,1.5,1.889648,-0.389648,Close,Close,True,True,worn,worn,Side,Side,none,partial
Garage3_000060.png,2,2,0.8195906423159626,1.5,,,Close,,True,True,worn,worn,Side,Side,none,partial
Garage3_000096.png,1,1,0.9844068545255975,2.0,2.210938,-0.21093800000000007,Close,Close,True,True,worn,worn,Back,Side,none,partial
Garage3_000096.png,2,2,0.9398934890395272,2.0,2.378906,-0.3789060000000002,Close,Close,True,True,worn,worn,Back,Back,none,partial
Garage3_000132.png,1,1,0.9845387922468011,3.0,2.582031,0.4179689999999998,Careful,Close,True,True,worn,worn,Back,Back,none,none
Garage3_000132.png,2,2,0.9675971612282238,3.0,3.066406,-0.06640600000000019,Careful,Careful,True,True,worn,worn,Back,Back,none,none
Garage3_000156.png,1,1,0.9797103631662574,3.5,2.859375,0.640625,Careful,Close,True,True,worn,worn,Back,Back,none,none
Garage3_000156.png,2,2,0.9732989264256471,3.5,3.597656,-0.09765600000000019,Careful,Careful,True,True,worn,worn,Back,Back,none,none
Garage3_000180.png,1,1,0.9240659988285852,4.0,3.128906,0.8710939999999998,Careful,Careful,True,True,worn,worn,Back,Back,none,none
Garage3_000180.png,2,2,0.9561515127349678,4.0,4.136719,-0.13671900000000026,Careful,Careful,True,True,worn,worn,Back,Back,none,none
Garage3_000204.png,1,1,0.983430958279691,4.5,3.4375,1.0625,Careful,Careful,True,True,worn,worn,Back,Back,none,none
Garage3_000204.png,2,2,0.980733054001635,4.5,4.605469,-0.10546900000000026,Careful,Careful,True,True,worn,worn,Back,Back,none,none
Garage3_000240.png,1,1,0.984063410557557,5.0,3.902344,1.0976560000000002,Careful,Careful,True,True,worn,worn,Back,Back,none,none
Garage3_000240.png,2,2,0.9483423556944393,5.0,5.328125,-0.328125,Careful,Careful,True,True,worn,worn,Back,Side,none,none
Garage3_000264.png,1,1,0.9734371717665699,5.5,4.144531,1.3554690000000003,Careful,Careful,True,True,worn,worn,Back,Back,none,none
Garage3_000264.png,2,2,0.9711342651848891,5.5,5.527344,-0.027344000000000257,Careful,Careful,True,True,worn,worn,Back,Side,none,none
Garage3_000288.png,1,1,0.982384755057186,5.0,4.5625,0.4375,Careful,Careful,True,True,worn,worn,Back,Back,none,none
Garage3_000288.png,2,2,0.9565041555877445,6.0,,,Safe,,True,True,worn,worn,Side,Side,none,partial
Garage3_000312.png,1,1,0.9466277945793493,6.0,4.941406,1.0585940000000003,Careful,Careful,True,True,worn,worn,Back,Back,none,none
Garage3_000312.png,2,2,0.8663417558332657,8.0,,,Safe,,True,True,worn,worn,Back,uncertain,none,heavy
Garage3_000348.png,1,1,0.964536521616188,6.5,5.623047,0.8769530000000003,Safe,Careful,True,True,worn,worn,Back,Back,none,none
Garage3_000384.png,1,1,0.9625614792514714,7.0,6.277344,0.7226559999999997,Safe,Safe,True,True,worn,worn,Back,Back,none,none
Garage3_000408.png,1,1,0.9876876989885566,7.5,6.648438,0.8515620000000004,Safe,Safe,True,True,worn,worn,Back,Back,none,none
Garage3_000432.png,1,1,0.9765769551369723,8.0,7.066406,0.9335940000000003,Safe,Safe,True,True,worn,worn,Back,Back,none,none
Garage3_000492.png,1,1,0.9688581816165185,8.5,8.171875,0.328125,Safe,Safe,True,True,worn,worn,Back,Back,none,none
Garage3_000540.png,1,1,0.941378811003418,6.0,9.28125,-3.28125,Careful,Safe,True,True,worn,worn,Back,Facing,none,none
Garage3_000540.png,2,2,0.6776222649987849,8.0,,,Safe,,True,uncertain,worn,worn,Side,Side,none,heavy
Garage3_000852.png,1,1,0.941334913698047,5.0,8.164062,-3.1640619999999995,Careful,Safe,True,True,worn,worn,Facing,Facing,none,none
Garage3_000876.png,1,1,0.9378879646751109,4.5,7.617188,-3.1171879999999996,Careful,Safe,True,True,worn,worn,Facing,Facing,none,none
Garage3_000912.png,1,1,0.9630573071426297,4.0,7.261719,-3.2617190000000003,Careful,Safe,True,True,worn,worn,Facing,Facing,none,none
Garage3_000948.png,1,1,0.984953219961746,5.0,6.742188,-1.7421879999999996,Careful,Safe,True,True,worn,worn,Side,Side,none,none
Garage3_001224.png,1,1,0.9636742104063857,3.5,5.445312,-1.9453120000000004,Careful,Careful,True,True,worn,worn,Facing,Facing,none,none
Garage3_001248.png,1,1,0.9695851918329531,3.0,5.003906,-2.0039059999999997,Careful,Careful,True,True,worn,worn,Facing,Facing,none,none
Garage3_001272.png,1,1,0.9663743378068289,4.0,4.449219,-0.44921900000000026,Careful,Careful,True,True,worn,worn,Facing,Facing,none,none
Garage3_001296.png,1,1,0.9929059292060185,2.5,3.771484,-1.271484,Close,Careful,True,True,worn,worn,Facing,Facing,none,none
Garage3_001320.png,1,1,0.9889761676155583,3.5,3.294922,0.20507799999999987,Careful,Careful,True,True,worn,worn,Facing,Facing,none,partial
Garage3_001356.png,1,1,0.9854014237031822,3.0,2.541016,0.45898400000000006,Careful,Close,True,True,worn,worn,Facing,Facing,none,partial
Garage3_001524.png,1,1,0.9925982331641978,2.5,3.03125,-0.53125,Close,Careful,True,True,worn,worn,Side,Side,none,partial
Garage3_001548.png,1,1,0.9820686226633887,3.5,2.271484,1.228516,Careful,Close,True,True,worn,worn,Side,Side,none,partial
Garage3_001572.png,1,1,0.9754988106090665,5.0,2.654297,2.345703,Careful,Close,True,True,worn,worn,Back,Back,none,none
Garage3_001596.png,1,1,0.9732850925141152,7.0,2.994141,4.005859,Safe,Close,True,True,worn,worn,Back,Back,none,none
Garage3_001620.png,1,1,0.9844081138650622,9.0,3.433594,5.566406000000001,Safe,Careful,True,True,worn,worn,Back,Back,none,none
Garage3_001668.png,1,2,0.9739891540338939,11.0,4.246094,6.753906,Safe,Careful,True,True,worn,worn,Back,Back,none,none
Garage3_001668.png,2,1,0.9760555955968275,6.0,2.494141,3.505859,Careful,Close,True,True,worn,worn,Back,Back,none,partial
Garage3_001692.png,1,2,0.9341447597066426,5.0,4.753906,0.24609400000000026,Careful,Careful,True,True,worn,worn,Back,Back,none,none
Garage3_001692.png,2,1,0.9748964602882128,4.0,2.921875,1.078125,Careful,Close,True,True,worn,worn,Back,Back,none,partial
Garage3_001716.png,1,2,0.9689752715062309,13.0,5.25,7.75,Safe,Careful,True,True,worn,worn,Back,Back,none,none
Garage3_001716.png,2,1,0.9769940994356413,8.0,3.494141,4.505859,Safe,Careful,True,True,worn,worn,Back,Back,none,none
Garage3_001752.png,1,2,0.9899100798988464,5.0,5.890625,-0.890625,Careful,Careful,True,True,worn,worn,Back,Back,none,none
Garage3_001752.png,2,1,0.9665768771314776,4.0,4.244141,-0.24414099999999994,Careful,Careful,True,True,worn,worn,Back,Back,none,none
Garage3_001788.png,1,2,0.9661174505689407,15.0,6.574219,8.425781,Safe,Safe,True,True,worn,worn,Back,Back,none,none
Garage3_001788.png,2,1,0.9583132852996256,10.0,5.039062,4.960938,Safe,Careful,True,True,worn,worn,Back,Back,none,none
Garage3_001812.png,1,2,0.9724479962860416,5.0,6.980469,-1.9804690000000003,Careful,Safe,True,True,worn,worn,Back,Back,none,none
Garage3_001812.png,2,1,0.9759422897874799,4.0,5.59375,-1.59375,Careful,Careful,True,True,worn,worn,Back,Back,none,none
Garage3_001848.png,1,2,0.9555542127729838,17.0,7.746094,9.253906,Safe,Safe,True,True,worn,worn,Back,Back,none,none
Garage3_001848.png,2,1,0.9798883108214815,12.0,6.367188,5.632812,Safe,Safe,True,True,worn,worn,Back,Back,none,none
Garage3_001908.png,1,2,0.9723688013712031,19.0,8.953125,10.046875,Safe,Safe,True,True,worn,worn,Back,Back,none,none
Garage3_001908.png,2,1,0.9654598412403343,14.0,7.646484,6.353516,Safe,Safe,True,True,worn,worn,Back,Back,none,none
Garage3_001932.png,1,2,0.948515223743315,21.0,9.589844,11.410156,Safe,Safe,True,True,worn,worn,Back,Back,none,none
Garage3_001932.png,2,1,0.9422184393005967,16.0,8.074219,7.925781000000001,Safe,Safe,True,True,worn,worn,Back,Back,none,none
Garage3_001956.png,1,2,0.897507141988501,23.0,9.84375,13.15625,Safe,Safe,True,True,worn,worn,Back,Facing,none,none
Garage3_001956.png,2,1,0.9598755600627209,18.0,8.703125,9.296875,Safe,Safe,True,True,worn,worn,Back,Side,none,none
Garage3_001980.png,1,2,0.9485861479196442,25.0,,,Safe,,True,True,worn,worn,Back,Back,none,none
Garage3_001980.png,2,1,0.878927365882974,20.0,9.3125,10.6875,Safe,Safe,True,True,worn,worn,Back,Back,none,none
Garage3_002148.png,1,1,0.9535386851023425,27.0,,,Safe,,True,True,worn,worn,Back,Back,none,none
Garage3_002148.png,2,2,0.9463114168115349,22.0,,,Safe,,True,True,worn,worn,Back,Back,none,none
Garage3_002580.png,1,1,0.9199257484164108,15.0,,,Safe,,True,True,worn,worn,Facing,Facing,none,none
Garage3_002580.png,2,2,0.95648069548142,25.0,,,Safe,,True,True,worn,worn,Side,Side,none,none
Garage3_002604.png,1,1,0.8995068279615736,12.0,,,Safe,,True,True,worn,worn,Facing,Facing,none,none
Garage3_002604.png,2,2,0.9505026711955934,28.0,,,Safe,,True,True,worn,worn,Side,Facing,none,none
Garage3_002652.png,1,1,0.9748313600088367,10.0,8.039062,1.9609380000000005,Safe,Safe,True,True,worn,worn,Facing,Facing,none,none
Garage3_002652.png,2,2,0.9732772160793025,30.0,,,Safe,,True,True,worn,worn,Side,Facing,none,none
Garage3_002676.png,1,1,0.9680516310883537,4.0,7.5625,-3.5625,Careful,Safe,True,True,absent,worn,Facing,Facing,none,partial
Garage3_002676.png,2,2,0.8757863532987408,6.0,,,Safe,,True,True,worn,worn,Back,Facing,none,none
Garage3_002700.png,1,1,0.9541203441526772,8.0,7.009766,0.9902340000000001,Safe,Safe,True,True,worn,worn,Facing,Facing,none,none
Garage3_002700.png,2,2,0.9263644791128268,32.0,,,Safe,,True,True,worn,worn,Side,Facing,none,none
Garage3_002796.png,1,1,0.9846008211878833,6.0,5.042969,0.9570309999999997,Careful,Careful,True,True,worn,worn,Facing,Facing,none,none
Garage3_002796.png,2,2,0.9618029715516139,35.0,,,Safe,,True,True,worn,worn,Side,Facing,none,none
Garage3_002820.png,1,1,0.9846727537229394,3.0,4.71875,-1.71875,Careful,Careful,True,True,worn,absent,Facing,Facing,none,none
Garage3_002820.png,2,2,0.8684830082233036,5.0,,,Careful,,True,True,worn,worn,Side,Side,none,none
Garage3_002844.png,1,1,0.9677685058621865,4.0,4.203125,-0.203125,Careful,Careful,True,True,worn,worn,Facing,Facing,none,none
Garage3_002844.png,2,2,0.9332655123613162,38.0,,,Safe,,True,True,worn,worn,Side,Side,none,none
Garage3_002868.png,1,1,0.982666276870341,2.5,3.753906,-1.2539060000000002,Close,Careful,True,True,worn,worn,Facing,Facing,none,none
Garage3_002868.png,2,2,0.959706524119645,4.0,9.652344,-5.652343999999999,Careful,Safe,True,True,worn,worn,Side,Side,none,none
Garage3_002892.png,1,1,0.9619386187946306,3.0,3.296875,-0.296875,Careful,Careful,True,True,worn,worn,Facing,Facing,none,none
Garage3_002892.png,2,2,0.9559494679235718,40.0,,,Safe,,True,True,worn,worn,Side,Facing,none,none
Garage3_002916.png,1,1,0.973376602440005,2.0,2.939453,-0.9394529999999999,Close,Close,True,True,worn,worn,Facing,Facing,none,partial
Garage3_002916.png,2,2,0.9679413229340333,42.0,,,Safe,,True,True,worn,worn,Side,Side,none,none
Garage3_002940.png,1,1,0.9396124285092022,3.0,2.564453,0.43554700000000013,Careful,Close,True,True,worn,worn,Facing,Side,none,partial
Garage3_002940.png,3,3,0.8646538034631007,46.0,,,Safe,,True,True,worn,worn,Side,Side,none,none
Garage3_002964.png,1,1,0.9703643540541874,2.0,2.203125,-0.203125,Close,Close,True,True,worn,worn,Side,Side,none,partial
Garage3_002964.png,2,2,0.9273880734521112,48.0,,,Safe,,True,True,worn,worn,Side,Side,none,partial
Garage3_002988.png,1,1,0.7452492285615462,1.5,2.986328,-1.4863279999999999,Close,Close,True,True,worn,uncertain,Side,uncertain,partial,heavy
Garage3_002988.png,2,2,0.9044777926551821,50.0,,,Safe,,True,True,worn,worn,Side,Side,none,partial
Garage3_003228.png,1,1,0.8408759598076591,5.5,,,Safe,,True,True,worn,worn,Side,Side,none,none
Garage3_003336.png,1,1,0.907653791882561,6.5,8.242188,-1.7421880000000005,Safe,Safe,True,True,worn,worn,Side,Side,none,none
Garage3_003372.png,1,1,0.9552890333801494,7.5,,,Safe,,True,True,worn,worn,Side,Side,none,none
Garage3_003420.png,1,1,0.9461885045726609,4.5,4.703125,-0.203125,Careful,Careful,True,True,worn,worn,Side,Side,none,none
Garage3_003420.png,2,2,0.48892844464831253,8.5,,,Safe,,True,True,worn,worn,Side,Side,none,partial
Garage3_003456.png,1,1,0.9517804168330288,5.0,4.945312,0.054687999999999626,Careful,Careful,True,True,worn,worn,Side,Side,none,none
Garage3_003456.png,2,2,0.9464311649496121,8.0,,,Safe,,True,True,worn,worn,Side,Side,none,partial
Garage3_003480.png,1,1,0.9778939103868968,5.0,5.191406,-0.19140599999999974,Careful,Careful,True,True,worn,worn,Side,Side,none,none
Garage3_003480.png,3,2,0.7807931897017109,8.0,,,Safe,,True,uncertain,worn,worn,uncertain,Side,heavy,heavy
Garage3_003588.png,1,1,0.9431571814357133,6.0,6.335938,-0.3359379999999996,Careful,Safe,True,True,worn,worn,Back,Side,none,none
Garage4_000114.png,1,2,0.9574205059344577,2.5,2.898438,-0.39843800000000007,Close,Close,True,True,worn,worn,Back,Back,none,partial
Garage4_000114.png,2,1,0.969484640072147,3.5,1.942383,1.557617,Careful,Close,False,False,absent,absent,Side,Side,none,partial
Garage4_000132.png,1,1,0.9929429101570293,3.0,1.863281,1.136719,Careful,Close,True,True,worn,worn,Back,Back,none,partial
Garage4_000132.png,2,2,0.9486384529860223,4.0,2.21582,1.78418,Careful,Close,False,False,absent,absent,Side,Side,none,partial
Garage4_000144.png,1,2,0.9623285738294616,3.0,2.048828,0.9511720000000001,Careful,Close,True,True,worn,worn,Back,Back,none,none
Garage4_000144.png,2,1,0.5323030522035741,4.0,2.365234,1.634766,Careful,Close,False,False,absent,absent,Side,Side,none,partial
Garage4_000162.png,1,1,0.9558106928927046,4.0,2.472656,1.5273439999999998,Careful,Close,True,True,worn,worn,Back,Back,none,partial
Garage4_000162.png,2,2,0.9008948903413089,4.0,2.808594,1.1914060000000002,Careful,Close,False,False,absent,absent,Back,Side,none,none
Garage4_000174.png,1,1,0.9794166201413699,3.0,2.748047,0.25195299999999987,Careful,Close,True,True,worn,worn,Back,Back,none,none
Garage4_000174.png,2,2,0.9087499783590058,4.0,3.359375,0.640625,Careful,Careful,False,False,absent,absent,Back,Back,none,none
Garage4_000186.png,1,1,0.9818932345552837,4.5,3.080078,1.4199220000000001,Careful,Careful,True,True,worn,worn,Back,Back,none,partial
Garage4_000186.png,2,2,0.9793379622129762,4.5,3.742188,0.7578119999999999,Careful,Careful,False,False,absent,absent,Back,Back,none,none
Garage4_000204.png,1,1,0.9216151235575604,5.0,3.568359,1.431641,Careful,Careful,True,True,worn,worn,Back,Back,none,none
Garage4_000204.png,2,2,0.965033422411919,5.0,4.503906,0.49609400000000026,Careful,Careful,False,False,absent,absent,Back,Back,none,none
Garage4_000216.png,1,1,0.9776147097535942,5.5,3.921875,1.578125,Careful,Careful,True,True,worn,worn,Back,Back,none,none
Garage4_000216.png,2,2,0.9691676805978283,5.5,4.933594,0.5664059999999997,Careful,Careful,False,False,absent,absent,Back,Back,none,none
Garage4_000228.png,1,1,0.9763121297075257,6.0,4.339844,1.6601559999999997,Careful,Careful,True,True,worn,worn,Back,Back,none,none
Garage4_000228.png,2,2,0.9823194953197459,6.0,5.332031,0.6679690000000003,Careful,Careful,False,False,absent,absent,Back,Back,none,none
Garage4_000240.png,1,1,0.9541953056379543,6.5,4.628906,1.8710940000000003,Safe,Careful,True,True,worn,worn,Back,Back,none,none
Garage4_000240.png,2,2,0.9672886006972465,6.5,5.589844,0.9101559999999997,Safe,Careful,False,False,absent,absent,Back,Back,none,none
Garage4_000258.png,1,1,0.9492730756736558,7.0,5.140625,1.859375,Safe,Careful,True,True,worn,worn,Back,Back,none,none
Garage4_000258.png,2,2,0.9750817855544793,7.0,6.429688,0.5703120000000004,Safe,Safe,False,False,absent,absent,Back,Back,none,none
Garage4_000282.png,2,3,0.653010019114919,3.0,7.066406,-4.066406,Careful,Safe,True,True,worn,worn,Side,Side,none,heavy
Garage4_000282.png,3,1,0.9835393983272486,6.0,5.867188,0.13281200000000037,Careful,Careful,True,True,worn,worn,Back,Back,none,none
Garage4_000282.png,4,2,0.9754525180865303,6.0,7.339844,-1.3398440000000003,Careful,Safe,False,False,absent,absent,Back,Back,none,none
Garage4_000306.png,1,2,0.9809322703402196,4.0,5.507812,-1.5078120000000004,Careful,Careful,True,True,worn,worn,Side,Side,none,none
Garage4_000306.png,2,1,0.9832950977564309,6.0,6.203125,-0.203125,Careful,Safe,True,True,worn,worn,Back,Back,none,partial
Garage4_000306.png,4,3,0.9309210695343473,6.0,6.222656,-0.22265599999999974,Careful,Safe,False,False,absent,absent,Back,Side,none,partial
Garage4_000336.png,1,1,0.9752379634330485,5.0,5.34375,-0.34375,Careful,Careful,True,True,worn,worn,Side,Side,none,none
Garage4_000336.png,2,3,0.9421219832878948,6.0,,,Safe,,False,False,absent,absent,Back,Side,none,none
Garage4_000336.png,3,2,0.9343928594800843,6.0,7.035156,-1.0351559999999997,Careful,Safe,True,True,worn,worn,Back,Back,none,none
Garage4_000354.png,1,3,0.7038429446265654,6.0,,,Safe,,True,True,worn,absent,uncertain,Side,partial,partial
Garage4_000354.png,2,1,0.8066906834693706,6.0,5.070312,0.9296879999999996,Careful,Careful,True,True,worn,worn,Back,Side,none,partial
Garage4_000354.png,5,2,0.9654133729763661,6.0,7.46875,-1.46875,Careful,Safe,True,True,worn,worn,Back,Back,none,partial
Garage4_000384.png,1,3,0.9411744709711766,6.0,,,Safe,,False,False,absent,absent,Side,Back,none,none
Garage4_000384.png,2,2,0.9657361659677556,5.0,8.546875,-3.546875,Careful,Safe,True,True,worn,worn,Back,Back,none,none
Garage4_000384.png,3,1,0.9624546568356918,4.0,8.117188,-4.1171880000000005,Careful,Safe,True,True,worn,worn,Side,Side,none,partial
Garage4_000396.png,1,2,0.9311180369137015,7.0,17.140625,-10.140625,Safe,Safe,False,False,absent,absent,Side,Side,none,none
Garage4_000396.png,2,1,0.9779887660020282,7.0,8.898438,-1.8984380000000005,Safe,Safe,True,True,worn,worn,Back,Back,none,none
Garage4_000396.png,3,3,0.7725040916530278,7.0,,,Safe,,True,False,worn,worn,Side,Side,none,partial
Garage4_000426.png,1,2,0.8683988107678992,6.0,,,Safe,,False,False,absent,absent,Side,Facing,none,none
Garage4_000426.png,2,1,0.9383863863365209,5.0,9.726562,-4.7265619999999995,Careful,Safe,True,True,worn,worn,Back,Back,none,none
Garage4_000444.png,1,2,0.9370246845530752,6.0,10.945312,-4.9453119999999995,Careful,Safe,False,False,absent,absent,Side,Facing,none,none
Garage4_000444.png,2,1,0.9220210060573444,6.0,,,Safe,,True,True,worn,worn,Back,Facing,none,none
Garage4_000456.png,1,1,0.9560889307618051,5.0,10.144531,-5.144531000000001,Careful,Safe,False,False,absent,absent,Side,Facing,none,none
Garage4_000456.png,2,2,0.9456365379545891,5.0,,,Careful,,True,True,worn,worn,Back,Facing,none,none
Garage4_000474.png,1,1,0.9542177008012609,4.0,10.058594,-6.058593999999999,Careful,Safe,False,False,absent,absent,Side,Facing,none,none
Garage4_000474.png,2,2,0.9818282377342331,4.0,,,Careful,,True,True,worn,worn,Back,Side,none,none
Garage4_000498.png,1,2,0.9816426723674,4.0,,,Careful,,False,False,absent,absent,Side,Facing,none,partial
Garage4_000498.png,2,1,0.9644659886614142,4.0,15.816406,-11.816406,Careful,Safe,True,True,worn,worn,Back,Side,none,none
Garage4_000516.png,1,2,0.8129836715825709,10.5,,,Safe,,False,False,absent,absent,Side,Side,none,heavy
Garage4_000516.png,2,1,0.9398757829305502,8.0,,,Safe,,True,True,worn,worn,Facing,Side,none,none
Garage4_000534.png,1,2,0.8929858186274727,10.5,,,Safe,,False,False,absent,absent,Facing,Side,none,heavy
Garage4_000534.png,2,1,0.671855167379746,7.5,,,Safe,,True,True,worn,worn,Facing,Side,none,none
Garage4_000546.png,1,1,0.9255939143869583,6.5,,,Safe,,True,True,worn,worn,Facing,Facing,none,none
Garage4_000588.png,1,1,0.9499894622664441,5.0,,,Careful,,True,True,worn,worn,Side,Facing,none,none
Garage4_000612.png,1,2,0.8599774950994318,10.0,,,Safe,,False,False,absent,absent,Facing,Side,none,heavy
Garage4_000612.png,2,1,0.9572954936746373,6.0,,,Safe,,True,True,worn,worn,Facing,Facing,none,none
Garage4_000612.png,3,3,0.7689700074864102,10.0,,,Safe,,True,uncertain,worn,worn,Facing,Side,none,heavy
Garage4_000630.png,1,3,0.8900226392704936,10.0,,,Safe,,False,False,absent,absent,Facing,Side,none,heavy
Garage4_000630.png,2,2,0.9520476365926083,6.0,9.273438,-3.2734380000000005,Careful,Safe,True,True,worn,worn,Facing,Facing,none,none
Garage4_000630.png,3,1,0.9171674612830387,5.0,5.25,-0.25,Careful,Careful,True,True,worn,worn,Side,Side,none,none
Garage4_000642.png,1,3,0.9183747559745268,6.0,,,Safe,,False,False,absent,absent,Side,Side,none,heavy
Garage4_000642.png,2,2,0.9064576953170052,5.0,9.265625,-4.265625,Careful,Safe,True,True,worn,worn,Facing,Facing,none,none
Garage4_000642.png,3,1,0.9572770037780902,4.0,5.21875,-1.21875,Careful,Careful,True,True,worn,worn,Side,Side,none,none
Garage4_000654.png,1,3,0.8772797471735612,8.0,,,Safe,,False,False,absent,absent,Facing,Facing,none,partial
Garage4_000654.png,2,2,0.9585395323881467,6.0,8.96875,-2.96875,Careful,Safe,True,True,worn,worn,Facing,Facing,none,partial
Garage4_000654.png,3,1,0.9675378972976142,4.0,5.164062,-1.1640620000000004,Careful,Careful,True,True,worn,worn,Side,Side,none,none
Garage4_000666.png,1,3,0.9295703136412756,8.0,9.148438,-1.1484380000000005,Safe,Safe,False,False,absent,absent,Facing,Facing,none,none
Garage4_000666.png,2,2,0.9603602050329362,6.0,8.21875,-2.21875,Careful,Safe,True,True,worn,worn,Facing,Facing,none,none
Garage4_000666.png,3,1,0.9438692482634016,4.0,5.089844,-1.0898440000000003,Careful,Careful,True,True,worn,worn,Side,Side,none,none
Garage4_000678.png,1,3,0.6092154769282113,8.0,8.324219,-0.32421899999999937,Safe,Safe,False,False,absent,absent,Facing,Side,none,partial
Garage4_000678.png,3,2,0.9209226200979996,5.0,7.623047,-2.6230469999999997,Careful,Safe,True,True,worn,worn,Side,Facing,none,none
Garage4_000678.png,4,1,0.9759329367932235,3.0,4.792969,-1.7929690000000003,Careful,Careful,True,True,worn,worn,Side,Side,none,none
Garage4_000690.png,1,1,0.9660721473875464,3.0,4.738281,-1.7382809999999997,Careful,Careful,True,True,worn,worn,Side,Side,none,none
Garage4_000690.png,2,2,0.8172111483976036,5.0,,,Careful,,False,False,absent,absent,Side,Facing,none,heavy
Garage4_000708.png,1,1,0.971583509607229,3.0,4.460938,-1.4609379999999996,Careful,Careful,True,True,worn,worn,Side,Side,none,none
Garage4_000708.png,2,2,0.9711347567369902,6.0,6.96875,-0.96875,Careful,Safe,True,True,worn,worn,Facing,Facing,none,none
Garage4_000708.png,3,3,0.9749532209244399,7.0,8.140625,-1.140625,Safe,Safe,False,False,absent,absent,Facing,Facing,none,none
Garage4_000732.png,1,1,0.9724910832586443,5.0,6.125,-1.125,Careful,Safe,True,True,worn,worn,Facing,Facing,none,none
Garage4_000732.png,2,2,0.9754834208259999,6.0,7.378906,-1.3789059999999997,Careful,Safe,False,False,absent,absent,Facing,Facing,none,none
Garage4_000744.png,1,1,0.9752119363465871,3.0,5.691406,-2.6914059999999997,Careful,Careful,True,True,worn,absent,Facing,Facing,none,none
Garage4_000744.png,2,2,0.9611879002623704,4.0,7.175781,-3.1757809999999997,Careful,Safe,False,False,absent,absent,Facing,Facing,none,none
Garage4_000756.png,1,1,0.9879910018194776,5.0,5.273438,-0.2734379999999996,Careful,Careful,True,True,worn,absent,Facing,Facing,none,none
Garage4_000756.png,2,2,0.9779354826085408,6.0,6.507812,-0.5078120000000004,Careful,Safe,False,False,absent,absent,Facing,Facing,none,none
Garage4_000774.png,1,1,0.9832453289635653,2.5,4.59375,-2.09375,Close,Careful,True,True,worn,worn,Facing,Facing,none,none
Garage4_000774.png,2,2,0.9637477051172902,4.0,5.816406,-1.8164059999999997,Careful,Careful,False,False,absent,absent,Facing,Facing,none,none
Garage4_000786.png,1,1,0.9573039020631691,4.0,4.160156,-0.16015599999999974,Careful,Careful,True,True,worn,worn,Facing,Facing,none,none
Garage4_000786.png,2,2,0.9643421698321053,5.0,5.308594,-0.30859400000000026,Careful,Careful,False,False,absent,absent,Facing,Facing,none,none
Garage4_000798.png,1,1,0.9773555169538445,2.0,3.738281,-1.7382810000000002,Close,Careful,True,True,worn,worn,Facing,Facing,none,none
Garage4_000798.png,2,2,0.9871397054163205,4.0,4.796875,-0.796875,Careful,Careful,False,False,absent,absent,Facing,Facing,none,none
Garage4_000810.png,1,1,0.9739739003527407,3.0,3.265625,-0.265625,Careful,Careful,True,True,worn,worn,Facing,Facing,none,partial
Garage4_000810.png,2,2,0.9677475486037488,4.0,4.238281,-0.23828099999999974,Careful,Careful,False,False,absent,absent,Facing,Facing,none,none
Garage4_000828.png,1,1,0.9814618137977831,2.0,2.800781,-0.8007810000000002,Close,Close,True,True,worn,worn,Side,Side,none,partial
Garage4_000828.png,2,2,0.9770365202228521,3.0,3.441406,-0.4414060000000002,Careful,Careful,False,False,absent,absent,Facing,Facing,none,none
Garage4_000840.png,1,2,0.9499945817803361,1.5,2.447266,-0.9472659999999999,Close,Close,True,True,worn,worn,Side,Side,none,partial
Garage4_000840.png,2,1,0.9842259590837609,3.0,2.878906,0.12109399999999981,Careful,Close,False,False,absent,absent,Facing,Facing,none,none
Garage4_000852.png,1,2,0.9519879749717124,1.5,3.042969,-1.5429689999999998,Close,Careful,True,True,worn,worn,Side,Side,partial,partial
Garage4_000852.png,2,1,0.9752936632352219,3.0,2.488281,0.5117189999999998,Careful,Close,False,False,absent,absent,Facing,Facing,none,partial
Garage4_000864.png,1,1,0.9914148329402489,2.0,1.964844,0.035155999999999965,Close,Close,False,False,absent,absent,Facing,Facing,none,partial
Garage4_000882.png,1,1,0.9950567797525901,2.0,1.19043,0.8095699999999999,Close,Close,False,False,absent,absent,Facing,Facing,none,partial
Garage4_000948.png,1,1,0.9377034802547222,1.0,0.629395,0.37060499999999996,Close,Close,False,False,absent,absent,Back,Side,heavy,partial
Garage4_000960.png,1,2,0.9823880034396609,1.5,2.884766,-1.384766,Close,Close,True,True,worn,worn,Side,Side,partial,partial
Garage4_000960.png,2,1,0.8970677411787502,1.0,0.833008,0.16699200000000003,Close,Close,False,False,absent,absent,Back,Back,heavy,partial
Garage4_000972.png,1,1,0.9753087069554713,1.0,1.061523,-0.061522999999999994,Close,Close,False,False,absent,absent,Back,Back,heavy,partial
Garage4_000984.png,1,1,0.39978488414477786,1.0,1.09668,-0.0966800000000001,Close,Close,False,False,absent,absent,Back,Back,heavy,partial
Garage4_000984.png,2,2,0.9103219012217593,4.0,2.625,1.375,Careful,Close,True,True,worn,worn,Side,Side,none,partial
Garage4_001002.png,1,1,0.9712300984608695,1.0,1.594727,-0.594727,Close,Close,False,False,absent,absent,Back,Back,heavy,partial
Garage4_001002.png,2,3,0.8885472972636863,5.0,4.681641,0.31835900000000006,Careful,Careful,True,True,worn,worn,Side,Side,none,none
Garage4_001002.png,3,2,0.9908417921298208,4.0,3.046875,0.953125,Careful,Careful,True,True,worn,worn,Back,Side,none,none
Garage4_001014.png,1,1,0.9773699489013146,1.5,1.985352,-0.485352,Close,Close,False,False,absent,absent,Back,Back,none,partial
Garage4_001014.png,2,3,0.9427633409260999,3.0,,,Careful,,True,True,worn,worn,Side,Side,none,none
Garage4_001014.png,3,2,0.9382315403962126,4.0,3.371094,0.6289060000000002,Careful,Careful,True,True,worn,worn,Back,Side,none,none
Garage4_001026.png,1,1,0.9797450006306603,1.5,2.488281,-0.9882810000000002,Close,Close,False,False,absent,absent,Back,Back,none,partial
Garage4_001026.png,2,3,0.9841985507904079,5.0,5.089844,-0.08984400000000026,Careful,Careful,True,True,worn,worn,Side,Side,none,none
Garage4_001026.png,3,2,0.9758337417437591,4.0,3.671875,0.328125,Careful,Careful,True,True,worn,worn,Back,Back,none,none
Garage4_001044.png,1,1,0.9732322212489777,1.5,3.212891,-1.712891,Close,Careful,False,False,absent,absent,Back,Back,none,partial
Garage4_001044.png,2,3,0.9818663358613215,5.0,5.53125,-0.53125,Careful,Careful,True,True,worn,worn,Side,Side,none,none
Garage4_001044.png,3,2,0.9577847300562896,4.0,4.046875,-0.046875,Careful,Careful,True,True,worn,worn,Back,Back,none,partial
Garage4_001056.png,1,1,0.97208415244889,1.5,3.695312,-2.195312,Close,Careful,False,False,absent,absent,Back,Back,none,partial
Garage4_001056.png,2,3,0.975255700971324,5.0,5.691406,-0.6914059999999997,Careful,Careful,True,True,worn,worn,Side,Side,none,none
Garage4_001056.png,3,2,0.9756664811763007,4.0,4.328125,-0.328125,Careful,Careful,True,True,worn,worn,Back,Back,none,partial
Garage4_001068.png,1,1,0.9823020849214855,5.0,4.167969,0.8320309999999997,Careful,Careful,False,False,absent,absent,Back,Back,none,none
Garage4_001068.png,2,3,0.9572968744139542,7.0,5.785156,1.2148440000000003,Safe,Careful,True,True,worn,worn,Side,Side,none,none
Garage4_001068.png,3,2,0.9663616962814795,6.0,7.246094,-1.2460940000000003,Careful,Safe,True,True,worn,worn,Side,Back,none,partial
Garage4_001086.png,1,1,0.9701918700792935,5.0,4.921875,0.078125,Careful,Careful,False,False,absent,absent,Back,Back,none,none
Garage4_001086.png,2,2,0.9874417221795312,7.0,6.121094,0.8789059999999997,Safe,Safe,True,True,worn,worn,Side,Side,none,none
Garage4_001086.png,3,3,0.5952185507782253,9.0,,,Safe,,True,True,worn,worn,Side,Back,none,heavy
Garage4_001128.png,1,2,0.9757858241950219,6.0,6.166016,-0.16601599999999994,Careful,Safe,False,False,absent,absent,Back,Back,none,none
Garage4_001128.png,2,1,0.9710997945222856,7.0,6.761719,0.23828099999999974,Safe,Safe,True,True,worn,worn,Side,Side,none,none
Garage4_001242.png,1,4,0.9738958734128417,8.0,,,Safe,,False,False,absent,absent,Side,Back,none,none
Garage4_001242.png,2,3,0.8036616137272656,10.0,,,Safe,,True,True,worn,worn,Side,Side,none,partial
Garage4_001242.png,3,2,0.9073431380360103,9.0,,,Safe,,True,True,worn,worn,Side,Side,none,partial
Garage4_001296.png,1,3,0.9060085405630945,10.0,,,Safe,,False,False,absent,absent,Back,Side,none,none
Garage4_001296.png,2,2,0.9245580088572718,8.0,,,Safe,,True,True,worn,worn,Side,Facing,none,none
Garage4_001296.png,3,1,0.9783431399748749,4.0,4.433594,-0.43359400000000026,Careful,Careful,True,True,worn,worn,Facing,Facing,none,none
Garage4_001308.png,1,2,0.9730008609371549,9.0,9.785156,-0.7851560000000006,Safe,Safe,False,False,absent,absent,Side,Side,none,none
Garage4_001308.png,2,3,0.9299019445229326,8.0,,,Safe,,True,True,worn,worn,Side,Side,none,none
Garage4_001308.png,3,1,0.9624450011142264,3.0,3.9375,-0.9375,Careful,Careful,True,True,worn,worn,Facing,Facing,none,none
Garage4_001326.png,1,2,0.9529294045141561,8.0,,,Safe,,True,True,worn,worn,Side,Side,none,none
Garage4_001326.png,2,3,0.8808428323886728,9.0,,,Safe,,False,False,absent,absent,Side,Back,none,none
Garage4_001326.png,3,1,0.9797212584732905,3.0,3.203125,-0.203125,Careful,Careful,True,True,worn,worn,Facing,Facing,none,partial
Garage4_001338.png,1,3,0.914591543222242,8.0,,,Safe,,True,True,worn,worn,Side,Side,none,none
Garage4_001338.png,2,2,0.9428519382906951,8.0,10.367188,-2.3671880000000005,Safe,Safe,False,False,absent,absent,Side,Side,none,none
Garage4_001338.png,3,1,0.9668802194324092,2.0,2.642578,-0.6425779999999999,Close,Close,True,True,worn,worn,Facing,Facing,none,partial
Garage4_001350.png,1,2,0.9558604688219619,8.0,9.328125,-1.328125,Safe,Safe,True,True,worn,absent,Side,Side,none,none
Garage4_001350.png,2,3,0.8912846707777943,8.0,10.226562,-2.2265619999999995,Safe,Safe,False,False,absent,absent,Back,Facing,none,none
Garage4_001350.png,3,1,0.9791721366614518,2.0,2.054688,-0.05468800000000007,Close,Close,True,True,worn,worn,Facing,Facing,none,partial
Garage4_001362.png,1,2,0.9561548137309619,8.0,,,Safe,,True,True,worn,worn,Side,Facing,none,none
Garage4_001362.png,2,3,0.9616923903549868,8.0,,,Safe,,False,False,absent,absent,Side,Facing,none,none
Garage4_001362.png,3,1,0.9699347225011788,2.0,1.638672,0.3613280000000001,Close,Close,True,True,worn,worn,Facing,Facing,none,partial
Garage4_001386.png,1,2,0.9277130047221419,6.0,8.601562,-2.6015619999999995,Careful,Safe,True,True,worn,worn,Facing,Facing,none,none
Garage4_001386.png,2,1,0.49348942097478965,8.0,8.757812,-0.7578119999999995,Safe,Safe,False,True,absent,absent,Back,Facing,none,none
Garage4_001428.png,1,1,0.9241214175565117,4.0,7.527344,-3.5273440000000003,Careful,Safe,True,True,worn,worn,Facing,Facing,none,none
Garage4_001428.png,2,2,0.9663505280061292,5.0,7.054688,-2.0546879999999996,Careful,Safe,False,False,absent,absent,Facing,Facing,none,none
Garage4_001500.png,1,1,0.9781831063730844,5.0,5.078125,-0.078125,Careful,Careful,True,True,worn,absent,Facing,Facing,none,none
Garage4_001500.png,2,2,0.9513408812892429,6.0,5.949219,0.05078099999999974,Careful,Careful,False,False,absent,absent,Facing,Facing,none,none
Garage4_001512.png,1,1,0.9706408960208996,3.0,4.585938,-1.5859379999999996,Careful,Careful,True,True,worn,worn,Facing,Facing,none,none
Garage4_001512.png,2,3,0.9499509039773383,4.0,5.71875,-1.71875,Careful,Careful,False,False,absent,absent,Facing,Facing,none,none
Garage4_001512.png,3,2,0.9365199762542751,3.0,,,Careful,,True,True,worn,worn,Side,Side,none,partial
Garage4_001530.png,1,2,0.9676603029994312,2.5,4.011719,-1.5117190000000003,Close,Careful,True,True,worn,worn,Facing,Facing,none,none
Garage4_001530.png,2,3,0.9814711484051405,3.5,5.117188,-1.6171879999999996,Careful,Careful,False,False,absent,absent,Facing,Facing,none,none
Garage4_001530.png,3,1,0.9696679121208888,3.0,2.619141,0.38085900000000006,Careful,Close,True,True,worn,worn,Back,Back,none,none
Garage4_001542.png,1,1,0.9692946276443335,4.0,3.517578,0.48242200000000013,Careful,Careful,True,True,worn,worn,Facing,Facing,none,partial
Garage4_001542.png,2,3,0.9431250000378905,5.0,4.689453,0.3105469999999997,Careful,Careful,False,False,absent,absent,Facing,Facing,none,none
Garage4_001542.png,3,2,0.9657346320393742,6.0,3.167969,2.832031,Careful,Careful,True,True,worn,worn,Back,Back,none,none
Garage4_001560.png,1,1,0.9765034772626008,3.0,2.880859,0.11914099999999994,Careful,Close,True,True,worn,worn,Facing,Facing,none,none
Garage4_001560.png,2,3,0.9553803293891369,4.0,4.113281,-0.11328099999999974,Careful,Careful,False,False,absent,absent,Facing,Facing,none,partial
Garage4_001560.png,3,2,0.9846107452732925,6.0,3.988281,2.011719,Careful,Careful,True,True,worn,worn,Back,Back,none,none
Garage4_001572.png,1,1,0.9682386583645155,2.0,2.541016,-0.5410159999999999,Close,Close,True,True,worn,worn,Facing,Side,none,none
Garage4_001572.png,2,2,0.9295917227805006,2.5,3.681641,-1.181641,Close,Careful,False,False,absent,absent,Facing,Facing,none,partial
Garage4_001572.png,3,3,0.9549856914151703,4.0,4.609375,-0.609375,Careful,Careful,True,True,worn,worn,Back,Back,none,none
Garage4_001584.png,1,1,0.9720176921467834,2.0,2.167969,-0.1679689999999998,Close,Close,True,True,worn,worn,Side,Side,none,partial
Garage4_001584.png,2,2,0.9814984993401228,4.0,3.296875,0.703125,Careful,Careful,False,False,absent,absent,Facing,Facing,none,none
Garage4_001584.png,3,3,0.9796720195744939,6.0,5.199219,0.8007809999999997,Careful,Careful,True,True,worn,worn,Back,Back,none,none
Garage4_001596.png,1,2,0.957236754621583,2.0,3.03125,-1.03125,Close,Careful,True,True,worn,worn,Side,Side,none,heavy
Garage4_001596.png,2,1,0.9790964258087776,4.0,2.791016,1.208984,Careful,Close,False,False,absent,absent,Facing,Facing,none,none
Garage4_001596.png,3,3,0.9864577434117547,6.0,5.667969,0.33203099999999974,Careful,Careful,True,True,worn,worn,Back,Back,none,none
Garage4_001614.png,1,1,0.9664111083165942,2.0,2.105469,-0.10546899999999981,Close,Close,False,False,absent,absent,Facing,Facing,none,none
Garage4_001614.png,2,2,0.9749010292579073,10.0,6.457031,3.5429690000000003,Safe,Safe,True,True,worn,worn,Back,Back,none,none
Garage4_001626.png,1,1,0.9797732732008859,1.5,1.673828,-0.1738280000000001,Close,Close,False,False,absent,absent,Facing,Facing,none,partial
Garage4_001626.png,2,2,0.9718421306640438,10.0,6.871094,3.1289059999999997,Safe,Safe,True,True,worn,worn,Back,Back,none,none
Garage4_001638.png,1,1,0.9500005140989355,2.0,1.328125,0.671875,Close,Close,False,False,absent,absent,Facing,Side,none,partial
Garage4_001638.png,2,2,0.9604222766423267,8.0,,,Safe,,True,True,worn,worn,Back,Back,none,none
Garage4_001650.png,1,1,0.9713071368448363,2.0,1.02832,0.9716800000000001,Close,Close,False,False,absent,absent,Side,Side,none,partial
Garage4_001650.png,2,2,0.9698748389492832,8.0,8.171875,-0.171875,Safe,Safe,True,True,worn,worn,Back,Back,none,none
Garage4_001662.png,1,1,0.9401342783434836,2.0,1.070312,0.9296880000000001,Close,Close,False,False,absent,absent,Back,Back,none,partial
Garage4_001674.png,1,2,0.9363816653785727,8.0,9.382812,-1.3828119999999995,Safe,Safe,True,True,worn,worn,Back,Facing,none,none
Garage4_001674.png,2,1,0.987153269245346,2.0,1.302246,0.697754,Close,Close,False,False,absent,absent,Back,Back,none,partial
Garage4_001686.png,1,2,0.8567733027511427,3.0,2.974609,0.02539099999999994,Careful,Close,True,True,worn,worn,Side,Side,none,partial
Garage4_001686.png,2,3,0.9081333550608928,10.0,,,Safe,,True,True,worn,worn,Back,Back,none,none
Garage4_001686.png,3,1,0.9811046439286766,3.0,1.696289,1.303711,Careful,Close,False,False,absent,absent,Back,Back,none,partial
Garage4_001698.png,1,2,0.9882902456895196,2.0,3.207031,-1.2070310000000002,Close,Careful,True,True,worn,worn,Side,Side,none,partial
Garage4_001698.png,2,3,0.9463342290466514,8.0,,,Safe,,True,True,worn,worn,Back,Back,none,none
Garage4_001698.png,3,1,0.9800617067102877,3.0,2.070312,0.9296880000000001,Careful,Close,False,False,absent,absent,Back,Back,none,partial
Garage4_001710.png,1,2,0.9785419523153502,3.0,2.390625,0.609375,Careful,Close,True,True,worn,worn,Side,Side,none,partial
Garage4_001710.png,2,3,0.9736313872461863,8.0,,,Safe,,True,True,worn,worn,Back,Back,none,none
Garage4_001710.png,3,1,0.968459100442258,3.0,2.513672,0.48632799999999987,Careful,Close,False,False,absent,absent,Back,Back,none,none
Garage4_001728.png,1,2,0.9456067517310469,3.0,2.873047,0.12695299999999987,Careful,Close,True,True,worn,worn,Side,Back,none,partial
Garage4_001728.png,2,3,0.9116205014502843,8.0,,,Safe,,True,True,worn,worn,Back,Back,none,none
Garage4_001728.png,3,1,0.9685768823948842,3.0,3.035156,-0.03515600000000019,Careful,Careful,False,False,absent,absent,Back,Back,none,none
Garage4_001740.png,1,2,0.9534685403331642,3.0,3.166016,-0.16601599999999994,Careful,Careful,True,True,worn,worn,Side,Back,none,none
Garage4_001740.png,2,3,0.8575600381009176,8.0,,,Safe,,True,True,worn,worn,Back,Back,none,partial
Garage4_001740.png,3,1,0.9697419257116885,3.0,3.503906,-0.5039060000000002,Careful,Careful,False,False,absent,absent,Back,Side,none,partial
Garage4_001752.png,1,1,0.979702808922889,3.0,3.482422,-0.48242200000000013,Careful,Careful,True,True,worn,worn,Side,Back,none,none
Garage4_001752.png,2,2,0.9642446772934716,4.0,3.976562,0.02343800000000007,Careful,Careful,False,False,absent,absent,Side,Side,none,none
Garage4_001764.png,1,1,0.9663705166029933,5.0,3.849609,1.150391,Careful,Careful,True,True,worn,worn,Back,Back,none,none
Garage4_001764.png,2,2,0.9534185608781064,9.0,4.519531,4.480469,Safe,Careful,False,False,absent,absent,Side,Side,none,none
Garage4_001776.png,1,3,0.9497612555303684,12.0,,,Safe,,True,True,uncertain,worn,Side,Back,none,partial
Garage4_001776.png,2,1,0.9764685735163677,5.5,4.175781,1.3242190000000003,Careful,Careful,True,True,worn,worn,Back,Back,none,none
Garage4_001776.png,3,2,0.9894624700372906,9.0,4.960938,4.039062,Safe,Careful,False,False,absent,absent,Back,Back,none,none
Garage4_001788.png,1,3,0.7342694723662033,12.0,,,Safe,,True,True,uncertain,uncertain,Side,Back,none,partial
Garage4_001788.png,2,1,0.9597189420387755,5.5,4.507812,0.9921879999999996,Careful,Careful,True,True,worn,worn,Back,Back,none,none
Garage4_001788.png,3,2,0.9666628969231942,9.0,4.867188,4.132812,Safe,Careful,False,False,absent,absent,Back,Back,none,none
Garage4_001800.png,1,1,0.9720709629202983,6.0,4.90625,1.09375,Careful,Careful,True,True,worn,worn,Back,Back,none,none
Garage4_001800.png,2,2,0.9714584779621801,9.5,5.882812,3.6171879999999996,Safe,Careful,False,False,absent,absent,Back,Side,none,none
Garage4_001812.png,1,1,0.9844405372065373,6.5,5.15625,1.34375,Safe,Careful,True,True,worn,worn,Back,Back,none,none
Garage4_001812.png,2,2,0.9574859152142492,10.0,5.808594,4.191406,Safe,Careful,False,False,absent,absent,Back,Side,none,none
Garage4_001824.png,1,1,0.9625443468328917,7.0,5.542969,1.4570309999999997,Safe,Careful,True,True,worn,worn,Back,Back,none,none
Garage4_001824.png,2,2,0.9735573290729529,10.5,6.054688,4.445312,Safe,Safe,False,False,absent,absent,Back,Back,none,none
Garage4_001842.png,1,3,0.766487608738515,12.5,,,Safe,,True,True,uncertain,worn,Side,Side,none,heavy
Garage4_001842.png,2,1,0.9893031818659407,7.0,6.160156,0.8398440000000003,Safe,Safe,True,True,worn,worn,Back,Back,none,none
Garage4_001842.png,3,2,0.9445237208195387,10.5,7.125,3.375,Safe,Safe,False,False,absent,absent,Back,Side,none,none
Garage4_001854.png,1,3,0.7827240566037735,13.0,,,Safe,,True,True,uncertain,worn,Side,Side,none,heavy
Garage4_001854.png,2,1,0.9704757906276136,7.5,6.5,1.0,Safe,Safe,True,True,worn,worn,Back,Back,none,none
Garage4_001854.png,4,2,0.9433365066178047,11.0,7.722656,3.2773440000000003,Safe,Safe,False,False,absent,absent,Back,Side,none,none
Garage4_001866.png,1,3,0.8373154293812303,13.5,,,Safe,,True,True,uncertain,uncertain,Side,Side,none,heavy
Garage4_001866.png,2,1,0.9242766645860997,8.0,6.851562,1.1484379999999996,Safe,Safe,True,True,worn,worn,Back,Back,none,none
Garage4_001866.png,4,2,0.9296095660323841,11.5,6.984375,4.515625,Safe,Safe,False,True,absent,absent,Back,Back,none,partial
Garage4_001878.png,1,2,0.661498708010336,14.0,,,Safe,,True,uncertain,uncertain,worn,Side,uncertain,none,heavy
Garage4_001878.png,2,1,0.9256722576494544,8.5,7.208984,1.291016,Safe,Safe,True,True,worn,worn,Back,Back,none,none
Garage4_001914.png,1,2,0.9289155185782076,11.0,9.492188,1.5078119999999995,Safe,Safe,False,False,absent,absent,Side,Side,none,none
Garage4_001914.png,2,1,0.9760047821378998,11.0,8.28125,2.71875,Safe,Safe,True,True,worn,worn,Back,Back,none,none
Garage4_001980.png,1,1,0.9523811004054616,11.5,8.296875,3.203125,Safe,Safe,False,False,absent,absent,Facing,Facing,none,none
Garage4_001980.png,2,2,0.936684514670031,11.5,,,Safe,,True,True,worn,worn,Back,Facing,none,none
Garage4_001992.png,2,1,0.9569723568235821,12.0,7.714844,4.285156,Safe,Safe,False,False,absent,absent,Facing,Facing,none,none
Garage4_001992.png,3,2,0.9509499778814143,12.0,,,Safe,,True,True,worn,worn,Back,Back,none,none
Garage4_002010.png,1,3,0.8789363165541317,15.0,,,Safe,,True,True,uncertain,worn,Side,Side,none,heavy
Garage4_002010.png,2,1,0.9445245746235789,12.5,7.046875,5.453125,Safe,Safe,False,False,absent,absent,Facing,Facing,none,none
Garage4_002010.png,3,2,0.9657937247321989,12.5,,,Safe,,True,True,worn,worn,Back,Side,none,none
Garage4_002028.png,1,3,0.7890114116452347,15.5,,,Safe,,True,True,uncertain,worn,Side,Facing,none,partial
Garage4_002028.png,2,1,0.9939669194330965,13.0,6.226562,6.773438,Safe,Safe,False,False,absent,absent,Facing,Facing,none,none
Garage4_002028.png,3,2,0.9291626155907974,13.0,,,Safe,,True,True,worn,worn,Back,Back,none,none
Garage4_002064.png,1,1,0.9721827980292176,13.5,4.71875,8.78125,Safe,Careful,False,False,absent,absent,Facing,Facing,none,none
Garage4_002064.png,2,2,0.8020983844509402,14.0,,,Safe,,True,True,worn,worn,Back,Facing,none,partial
Garage4_002064.png,4,3,0.8108750900521619,13.5,11.3125,2.1875,Safe,Safe,True,True,worn,worn,Back,Side,none,none
Garage4_002076.png,1,1,0.9671563226928962,14.0,4.148438,9.851562000000001,Safe,Careful,False,False,absent,absent,Facing,Facing,none,none
Garage4_002076.png,2,2,0.9864631435787592,14.5,,,Safe,,True,True,worn,worn,Back,Facing,none,none
Garage4_002076.png,3,3,0.9135453292699747,14.5,,,Safe,,True,True,worn,worn,Back,Facing,none,none
Garage4_002088.png,1,1,0.9828551459795061,3.0,3.552734,-0.5527340000000001,Careful,Careful,False,False,absent,absent,Facing,Facing,none,partial
Garage4_002088.png,2,2,0.9513582209758048,8.0,,,Safe,,True,True,worn,worn,Facing,Facing,none,none
Garage4_002088.png,3,3,0.9334694707834884,9.0,,,Safe,,True,True,worn,worn,Facing,Side,none,none
Garage4_002100.png,1,1,0.973913681266892,14.5,2.951172,11.548828,Safe,Close,False,False,absent,absent,Facing,Facing,none,none
Garage4_002100.png,2,2,0.7154231209629348,15.0,,,Safe,,True,True,worn,worn,Back,Facing,none,none
Garage4_002100.png,3,3,0.8472401012440427,15.0,,,Safe,,True,True,worn,worn,Back,Side,none,none
Garage4_002112.png,1,1,0.9773649753610063,15.0,2.341797,12.658203,Safe,Close,False,False,absent,absent,Facing,Facing,none,none
Garage4_002112.png,2,3,0.6757662836471475,15.5,,,Safe,,True,True,worn,worn,Back,Side,none,partial
Garage4_002112.png,3,2,0.8380328824516231,,,,unknown,,uncertain,True,uncertain,worn,uncertain,Facing,uncertain,none
Garage4_002124.png,1,1,0.9705993610051238,15.5,1.711914,13.788086,Safe,Close,False,False,absent,absent,Facing,Facing,none,partial
Garage4_002124.png,2,3,0.8994197209997031,16.0,,,Safe,,True,True,worn,worn,Back,Facing,none,none
Garage4_002124.png,3,2,0.9339338090126119,16.0,,,Safe,,True,True,worn,worn,Back,Facing,none,none
Garage4_002136.png,1,1,0.4186331157439028,1.0,1.077148,-0.077148,Close,Close,False,False,absent,absent,Facing,Facing,none,partial
Garage4_002136.png,2,3,0.8849952770592076,8.0,,,Safe,,True,True,worn,worn,Facing,Facing,none,none
Garage4_002136.png,3,2,0.9620779619345152,8.0,8.570312,-0.5703119999999995,Safe,Safe,True,True,worn,worn,Facing,Facing,none,none
Garage4_002220.png,1,1,0.9782839829494647,16.5,8.0,8.5,Safe,Safe,True,True,worn,worn,Back,Facing,none,none
Garage4_002238.png,1,1,0.9581499106395099,8.0,7.199219,0.8007809999999997,Safe,Safe,True,True,worn,worn,Facing,Facing,none,none
Garage4_002250.png,1,1,0.9577611165019967,17.0,6.875,10.125,Safe,Safe,True,True,worn,absent,Back,Facing,none,none
Pave1_000246.png,1,1,0.6544273946833792,1.5,1.333984,0.16601599999999994,Close,Close,True,True,worn,worn,Side,Side,none,partial
Pave1_000258.png,1,1,0.9908773518939546,1.5,1.696289,-0.19628899999999994,Close,Close,True,True,worn,worn,Back,Back,none,partial
Pave1_000276.png,1,1,0.9733800804361719,1.5,2.175781,-0.6757810000000002,Close,Close,True,True,worn,worn,Back,Back,none,none
Pave1_000336.png,1,2,0.9600307195821288,5.5,3.503906,1.9960939999999998,Careful,Careful,True,True,worn,worn,Back,Back,none,none
Pave1_000336.png,2,1,0.9696289583595893,3.0,1.871094,1.128906,Careful,Close,True,True,worn,worn,Side,Back,none,partial
Pave1_000354.png,1,2,0.9652251363929472,5.5,3.892578,1.6074220000000001,Careful,Careful,True,True,worn,worn,Back,Back,none,none
Pave1_000354.png,2,1,0.958086791895844,3.0,2.388672,0.6113279999999999,Careful,Close,True,True,worn,worn,Side,Back,none,none
Pave1_000366.png,1,2,0.9756961978508691,5.5,4.103516,1.396484,Careful,Careful,True,True,worn,worn,Back,Back,none,none
Pave1_000366.png,2,1,0.9781442622754238,3.0,2.765625,0.234375,Careful,Close,True,True,worn,worn,Back,Back,none,partial
Pave1_000378.png,1,2,0.9723962739020408,8.0,4.476562,3.5234379999999996,Safe,Careful,True,True,worn,worn,Back,Back,none,none
Pave1_000378.png,2,1,0.9806303695347458,4.0,3.056641,0.9433590000000001,Careful,Careful,True,True,worn,worn,Back,Back,none,partial
Pave1_000396.png,1,2,0.9669991641226972,8.0,4.910156,3.0898440000000003,Safe,Careful,True,True,worn,worn,Back,Back,none,none
Pave1_000396.png,2,1,0.9910486725651583,4.0,3.615234,0.38476599999999994,Careful,Careful,True,True,worn,worn,Back,Back,none,none
Pave1_000414.png,1,2,0.9766585828991409,4.5,5.238281,-0.7382809999999997,Careful,Careful,True,True,worn,worn,Side,Side,none,none
Pave1_000414.png,2,1,0.983434342892633,4.5,4.261719,0.23828099999999974,Careful,Careful,True,True,worn,worn,Back,Back,none,none
Pave1_000432.png,1,2,0.92053485867164,4.5,5.195312,-0.6953120000000004,Careful,Careful,True,True,worn,worn,Side,Side,none,none
Pave1_000432.png,2,1,0.9652879071515451,4.5,4.910156,-0.41015599999999974,Careful,Careful,True,True,worn,worn,Back,Back,none,none
Pave1_000444.png,1,1,0.9820170014935249,4.5,5.244141,-0.7441409999999999,Careful,Careful,True,True,worn,worn,Side,Side,none,none
Pave1_000444.png,2,2,0.9759247392770005,4.5,5.425781,-0.9257809999999997,Careful,Careful,True,True,worn,worn,Back,Back,none,none
Pave1_000456.png,1,1,0.9845693616126443,3.5,,,Careful,,True,True,worn,worn,uncertain,Facing,none,none
Pave1_000456.png,2,2,0.9756214001921799,4.5,5.566406,-1.0664059999999997,Careful,Careful,True,True,worn,worn,Back,Back,none,none
Pave1_000468.png,1,1,0.9841181073502744,5.0,4.816406,0.18359400000000026,Careful,Careful,True,True,worn,worn,Facing,Facing,none,none
Pave1_000468.png,2,2,0.9741667282072995,8.0,6.199219,1.8007809999999997,Safe,Safe,True,True,worn,worn,Back,Back,none,none
Pave1_000480.png,1,1,0.9751377740616897,3.5,4.515625,-1.015625,Careful,Careful,True,True,worn,worn,uncertain,Facing,none,none
Pave1_000480.png,2,2,0.9623346811251395,4.5,6.582031,-2.0820309999999997,Careful,Safe,True,True,worn,worn,Back,Back,none,none
Pave1_000492.png,1,1,0.9667853035301096,5.0,4.234375,0.765625,Careful,Careful,True,True,worn,worn,Facing,Facing,none,none
Pave1_000492.png,2,2,0.9636854228119941,8.0,6.832031,1.1679690000000003,Safe,Safe,True,True,worn,worn,Back,Back,none,none
Pave1_000516.png,1,1,0.9506102008321897,3.5,5.636719,-2.1367190000000003,Careful,Careful,True,True,worn,worn,uncertain,Side,none,none
Pave1_000516.png,2,2,0.906583969069372,5.5,7.09375,-1.59375,Careful,Safe,True,True,worn,worn,Back,Back,none,partial
Pave1_000540.png,1,1,0.975126937271731,2.5,3.117188,-0.6171880000000001,Close,Careful,True,True,worn,worn,uncertain,Facing,none,none
Pave1_000540.png,2,2,0.9110714581621426,6.5,8.085938,-1.5859380000000005,Safe,Safe,True,True,worn,worn,Back,Side,none,none
Pave1_000552.png,1,1,0.9856055467518219,2.5,2.929688,-0.42968800000000007,Close,Close,True,True,worn,worn,uncertain,Facing,none,none
Pave1_000552.png,2,3,0.7865022731800652,6.5,,,Safe,,True,True,worn,worn,Back,Back,none,partial
Pave1_000564.png,1,1,0.8859119668974127,2.5,2.632812,-0.13281199999999993,Close,Close,True,True,worn,worn,Side,Side,none,partial
Pave1_000564.png,2,2,0.7025337803947105,8.0,,,Safe,,True,True,worn,worn,Back,Side,none,none
Pave1_000618.png,1,3,0.6453013219361149,4.5,,,Careful,,True,True,worn,worn,uncertain,Facing,none,none
Pave1_000618.png,2,1,0.9723617291957065,2.5,1.772461,0.7275389999999999,Close,Close,True,True,worn,worn,Side,Side,none,partial
Pave1_000630.png,1,2,0.7624306351779196,4.5,,,Careful,,True,True,worn,worn,uncertain,Facing,none,none
Pave1_000630.png,2,1,0.6382718836765614,2.5,,,Close,,True,True,worn,worn,Side,Facing,none,heavy
Pave1_000654.png,1,1,0.9826411250055377,4.5,5.667969,-1.1679690000000003,Careful,Careful,True,True,worn,worn,uncertain,Facing,none,none
Pave1_000666.png,1,1,0.9867638619900828,4.5,5.058594,-0.5585940000000003,Careful,Careful,True,True,worn,worn,uncertain,Facing,none,none
Pave1_000702.png,1,2,0.9843712886885491,4.5,4.017578,0.4824219999999997,Careful,Careful,True,True,worn,worn,uncertain,Facing,none,none
Pave1_000702.png,2,1,0.9850032071454282,3.5,1.748047,1.751953,Careful,Close,True,True,worn,worn,Back,Back,none,partial
Pave1_000732.png,1,1,0.9920193966604064,4.5,3.001953,1.4980470000000001,Careful,Careful,True,True,worn,worn,uncertain,Facing,none,none
Pave1_000732.png,2,2,0.9810242582985395,4.5,2.611328,1.8886720000000001,Careful,Close,True,True,worn,worn,Back,Back,none,none
Pave1_000744.png,1,1,0.9832513191263781,3.5,2.550781,0.9492189999999998,Careful,Close,True,True,worn,worn,uncertain,Facing,none,partial
Pave1_000744.png,2,2,0.9771032292102413,3.5,2.994141,0.5058590000000001,Careful,Close,True,True,worn,worn,Back,Back,none,none
Pave1_000762.png,1,1,0.9747148960754057,2.5,1.873047,0.6269530000000001,Close,Close,True,True,worn,worn,uncertain,Facing,none,partial
Pave1_000762.png,2,2,0.8966157254152597,3.5,3.504883,-0.004882999999999971,Careful,Careful,True,True,worn,worn,Back,Back,none,partial
Pave1_000786.png,1,2,0.9803546329582208,4.5,4.390625,0.109375,Careful,Careful,True,True,worn,worn,Back,Back,none,none
Pave1_000786.png,2,1,0.975304482144144,2.5,1.223633,1.276367,Close,Close,True,True,worn,worn,uncertain,Facing,none,partial
Pave1_000798.png,1,2,0.9839367378848848,4.5,4.792969,-0.29296900000000026,Careful,Careful,True,True,worn,worn,Back,Back,none,none
Pave1_000798.png,2,1,0.9615677776865331,2.0,0.880859,1.119141,Close,Close,True,True,worn,worn,Side,Side,none,partial
Pave1_000816.png,1,1,0.9854900487410845,5.5,5.310547,0.18945300000000032,Careful,Careful,True,True,worn,worn,Back,Back,none,none
Pave1_000828.png,1,1,0.9613800685849462,8.0,5.628906,2.3710940000000003,Safe,Careful,True,True,worn,worn,Back,Back,none,none
Pave1_000840.png,1,1,0.9759715499210389,8.0,8.34375,-0.34375,Safe,Safe,True,True,worn,worn,Back,Back,none,none
Pave1_000858.png,1,1,0.9679147901126406,5.5,6.449219,-0.9492190000000003,Careful,Safe,True,True,worn,worn,Side,Side,none,none
Pave1_000876.png,1,1,0.962661879868297,5.5,6.478516,-0.9785159999999999,Careful,Safe,True,True,worn,worn,Side,Side,none,none
Pave1_000888.png,1,1,0.9599352545094896,4.5,,,Careful,,True,True,worn,worn,Side,Side,none,none
Pave1_000942.png,1,2,0.9553504274772191,5.0,5.138672,-0.13867199999999968,Careful,Careful,True,True,worn,worn,Facing,Facing,none,none
Pave1_000942.png,2,1,0.9587078998140616,5.0,4.236328,0.7636719999999997,Careful,Careful,True,True,worn,worn,Back,Back,none,none
Pave1_000954.png,1,1,0.9801799573377106,5.0,4.792969,0.20703099999999974,Careful,Careful,True,True,worn,worn,Facing,Facing,none,none
Pave1_000954.png,2,2,0.939575901584759,5.0,5.035156,-0.03515599999999974,Careful,Careful,True,True,worn,worn,Back,Back,none,none
Pave1_000978.png,1,1,0.9610508154984047,4.0,4.175781,-0.17578099999999974,Careful,Careful,True,True,worn,worn,Facing,Facing,none,none
Pave1_000978.png,2,2,0.9723935927912181,6.0,6.1875,-0.1875,Careful,Safe,True,True,worn,worn,Back,Back,none,none
Pave1_000990.png,1,1,0.9911440099413028,4.0,3.837891,0.16210900000000006,Careful,Careful,True,True,worn,worn,Facing,Facing,none,none
Pave1_000990.png,2,2,0.7432062536992674,6.0,6.464844,-0.46484400000000026,Careful,Safe,True,True,worn,worn,Back,Back,none,none
Pave1_001014.png,1,1,0.9868348815352926,4.0,3.296875,0.703125,Careful,Careful,True,True,worn,worn,Facing,Facing,none,none
Pave1_001014.png,2,2,0.9400897418714247,10.0,,,Safe,,True,True,worn,worn,Back,Side,none,none
Pave1_001044.png,1,1,0.9814852778684191,3.0,2.462891,0.5371090000000001,Careful,Close,True,True,worn,worn,Side,Side,none,partial
Pave1_001086.png,1,1,0.9729116672813687,5.0,17.8125,-12.8125,Careful,Safe,True,True,worn,worn,Side,Side,none,none
Pave1_001098.png,1,1,0.9577524016542338,5.0,7.853516,-2.853516,Careful,Safe,True,True,worn,worn,Side,Facing,none,none
Pave1_001110.png,1,1,0.9560579193913125,5.0,7.833984,-2.833984,Careful,Safe,True,True,worn,worn,Side,Side,none,none
Pave1_001122.png,1,1,0.9451095490889432,5.0,7.830078,-2.8300780000000003,Careful,Safe,True,True,worn,worn,Side,Facing,none,none
Pave1_001134.png,1,1,0.7057627086030239,8.0,,,Safe,,True,True,worn,worn,Facing,Side,none,none
Pave1_001146.png,1,1,0.942273158333677,4.0,6.84375,-2.84375,Careful,Safe,True,True,worn,worn,Facing,Facing,none,none
Pave1_001164.png,1,1,0.9875644393725506,4.0,5.878906,-1.8789059999999997,Careful,Careful,True,True,worn,worn,Facing,Facing,none,none
Pave1_001176.png,1,1,0.9751610725799198,4.0,5.582031,-1.5820309999999997,Careful,Careful,True,True,worn,worn,Facing,Facing,none,none
Pave1_001188.png,1,1,0.9546274601096809,4.0,5.21875,-1.21875,Careful,Careful,True,True,worn,worn,Facing,Facing,none,none
Pave1_001236.png,1,1,0.9750331404950233,4.0,3.880859,0.11914099999999994,Careful,Careful,True,True,worn,worn,Facing,Side,none,none
Pave1_001236.png,2,2,0.9497223723495929,5.0,3.9375,1.0625,Careful,Careful,True,True,worn,worn,Side,Side,none,none
Pave1_001254.png,1,1,0.9278930370277059,4.0,3.513672,0.48632799999999987,Careful,Careful,True,True,worn,worn,Facing,Side,none,none
Pave1_001254.png,2,2,0.964273978616986,5.0,4.21875,0.78125,Careful,Careful,True,True,worn,worn,Side,Side,none,none
Pave1_001272.png,1,2,0.7969246021896833,4.0,,,Careful,,True,True,worn,worn,Side,Side,partial,partial
Pave1_001272.png,2,1,0.6131995545518039,3.0,3.072266,-0.07226599999999994,Careful,Careful,True,True,worn,worn,Side,Side,none,partial
Pave1_001326.png,1,1,0.9577151804395168,6.0,5.355469,0.6445309999999997,Careful,Careful,True,True,worn,worn,Side,Back,none,none
Pave1_001344.png,1,1,0.9681892846343577,6.0,5.597656,0.40234400000000026,Careful,Careful,True,True,worn,worn,Side,Side,none,none
Pave1_001380.png,1,2,0.9562480945338362,5.0,,,Careful,,True,True,worn,worn,Side,Facing,none,none
Pave1_001380.png,2,1,0.9751330508468574,2.0,1.368164,0.6318360000000001,Close,Close,True,True,absent,absent,Side,Side,none,none
Pave1_001428.png,1,2,0.6501018716790711,4.0,,,Careful,,True,True,worn,worn,Side,Facing,none,heavy
Pave1_001428.png,2,1,0.9900530960350165,3.0,2.201172,0.7988279999999999,Careful,Close,True,True,absent,absent,Back,Back,none,partial
Pave1_001452.png,1,1,0.9823393630388494,3.0,2.900391,0.09960900000000006,Careful,Close,True,True,absent,absent,Back,Back,none,partial
Pave1_001464.png,1,1,0.9828872430115967,3.0,3.34668,-0.3466800000000001,Careful,Careful,True,True,absent,absent,Back,Back,none,none
Pave1_001482.png,1,1,0.9431107070916954,3.0,3.894531,-0.8945310000000002,Careful,Careful,True,True,absent,absent,Back,Back,none,none
Pave1_001500.png,1,1,0.8993253636013422,3.0,4.390625,-1.390625,Careful,Careful,True,True,absent,absent,Back,Back,none,partial
Pave1_001536.png,1,1,0.9734569979232255,2.0,1.807617,0.19238299999999997,Close,Close,True,True,worn,worn,Side,Side,none,partial
Pave1_001554.png,2,2,0.9189714128903648,6.0,,,Safe,,True,True,worn,absent,Side,Side,none,none
Pave1_001554.png,3,1,0.8159293926875062,2.0,1.861328,0.1386719999999999,Close,Close,True,True,worn,worn,Side,Side,none,partial
Pave1_001566.png,1,2,0.9605846936852325,8.0,6.234375,1.765625,Safe,Safe,True,True,worn,absent,Side,Side,none,none
Pave1_001566.png,2,1,0.9761262330502587,3.0,2.047852,0.9521480000000002,Careful,Close,True,True,worn,worn,Back,Back,none,partial
Pave1_001596.png,1,2,0.9722496719809798,8.0,6.125,1.875,Safe,Safe,True,True,worn,absent,Side,Side,none,none
Pave1_001596.png,2,1,0.9763887441825982,3.0,2.65625,0.34375,Careful,Close,True,True,worn,worn,Back,Back,none,none
Pave1_001614.png,1,2,0.9614905041807282,5.0,5.693359,-0.6933590000000001,Careful,Careful,True,True,absent,absent,Facing,Facing,none,none
Pave1_001614.png,2,1,0.9948906342666298,4.0,3.201172,0.7988279999999999,Careful,Careful,True,True,worn,worn,Back,Back,none,none
Pave1_001626.png,1,2,0.977080724468838,6.0,5.378906,0.6210940000000003,Careful,Careful,True,True,absent,absent,Facing,Facing,none,none
Pave1_001626.png,2,1,0.975459926333668,4.0,3.560547,0.43945299999999987,Careful,Careful,True,True,worn,worn,Back,Back,none,none
Pave1_001644.png,1,2,0.9587657115757012,5.0,4.730469,0.26953099999999974,Careful,Careful,True,True,absent,absent,Facing,Facing,none,none
Pave1_001644.png,2,1,0.9684393409930498,4.0,4.125,-0.125,Careful,Careful,True,True,worn,worn,Back,Back,none,none
Pave1_001674.png,1,1,0.9663928237142545,4.0,3.753906,0.2460939999999998,Careful,Careful,True,True,absent,absent,Facing,Facing,none,none
Pave1_001686.png,1,1,0.934636413328141,3.0,3.367188,-0.36718800000000007,Careful,Careful,True,True,worn,absent,Facing,Facing,none,none
Pave1_001686.png,2,2,0.8963451972025159,4.0,3.495117,0.504883,Careful,Careful,True,True,worn,worn,Back,Side,none,partial
Pave1_001698.png,1,2,0.9787845649642917,5.0,5.796875,-0.796875,Careful,Careful,True,True,worn,worn,Back,Side,none,none
Pave1_001698.png,2,1,0.979558433787212,3.0,2.980469,0.019531000000000187,Careful,Close,True,True,absent,absent,Facing,Facing,none,none
Pave1_001710.png,1,2,0.9319130683141881,9.0,5.986328,3.0136719999999997,Safe,Careful,True,True,worn,worn,Side,Side,none,none
Pave1_001710.png,2,1,0.9678904519540505,3.0,2.585938,0.41406199999999993,Careful,Close,True,True,absent,absent,Facing,Facing,none,partial
Pave1_001722.png,1,2,0.8092767582407073,9.5,,,Safe,,True,True,worn,worn,Side,Side,none,none
Pave1_001722.png,2,1,0.9672988834222761,3.0,2.244141,0.7558590000000001,Careful,Close,True,True,absent,absent,Facing,Facing,none,partial
Pave1_001734.png,1,2,0.49865883186418136,8.5,6.294922,2.2050780000000003,Safe,Safe,True,True,worn,worn,Side,Side,none,none
Pave1_001734.png,2,1,0.9807367070176638,2.5,1.882812,0.6171880000000001,Close,Close,True,True,absent,absent,Facing,Facing,none,partial
Pave1_001746.png,1,2,0.6697981143054168,8.0,6.417969,1.5820309999999997,Safe,Safe,True,True,worn,worn,Side,Side,none,none
Pave1_001746.png,2,1,0.9627624009300392,3.0,1.585938,1.414062,Careful,Close,True,True,absent,absent,Facing,Facing,none,partial
Pave1_001776.png,1,1,0.8871652684363898,2.0,1.376953,0.6230469999999999,Close,Close,True,True,absent,absent,Side,Side,none,partial
Pave1_001830.png,1,1,0.9893120496976635,5.0,4.597656,0.40234400000000026,Careful,Careful,True,True,worn,worn,Facing,Facing,none,none
Pave1_001842.png,1,1,0.9599329537465445,4.0,4.511719,-0.5117190000000003,Careful,Careful,True,True,worn,worn,Facing,Facing,none,none
Pave1_001854.png,1,1,0.9574612165459604,3.5,4.183594,-0.6835940000000003,Careful,Careful,True,True,worn,worn,Facing,Facing,none,none
Pave1_001866.png,1,1,0.950099644424538,3.0,3.837891,-0.8378909999999999,Careful,Careful,True,True,worn,worn,Facing,Facing,none,none
Pave1_001878.png,1,1,0.9598709625278531,3.0,3.509766,-0.5097659999999999,Careful,Careful,True,True,worn,worn,Facing,Facing,none,none
Pave1_001896.png,1,1,0.978762336413547,3.0,3.130859,-0.13085900000000006,Careful,Careful,True,True,worn,worn,Facing,Facing,none,none
Pave1_001908.png,1,1,0.9336295870912661,3.0,2.826172,0.17382799999999987,Careful,Close,True,True,worn,worn,Facing,Facing,none,none
Pave1_001920.png,3,1,0.988954986587816,4.0,2.605469,1.3945310000000002,Careful,Close,True,True,worn,worn,Facing,Facing,none,partial
Pave1_001950.png,1,2,0.961903438700252,6.0,,,Safe,,True,True,worn,uncertain,Back,Back,none,partial
Pave1_001950.png,2,1,0.9556026109235443,3.0,1.879883,1.120117,Careful,Close,True,True,worn,worn,Side,Side,none,partial
Pave1_002004.png,1,2,0.9342618814727311,8.0,,,Safe,,True,True,worn,worn,Side,Side,none,none
Pave1_002004.png,2,1,0.9802532089905556,4.0,2.154297,1.8457029999999999,Careful,Close,True,True,worn,worn,Back,Back,none,partial
Pave1_002022.png,1,2,0.9601214175937893,6.0,7.890625,-1.890625,Careful,Safe,True,True,worn,worn,Back,Side,none,none
Pave1_002022.png,2,1,0.9175168855489065,3.0,2.505859,0.49414099999999994,Careful,Close,True,True,worn,worn,Back,Back,none,none
Pave1_002040.png,2,2,0.8274098715982147,6.0,7.277344,-1.2773440000000003,Careful,Safe,True,True,worn,worn,Back,Side,none,none
Pave1_002040.png,3,1,0.9747574847394309,3.0,2.914062,0.08593800000000007,Careful,Close,True,True,worn,worn,Back,Back,none,partial
Pave1_002076.png,1,2,0.5546768360653448,6.0,7.755859,-1.755859,Careful,Safe,True,True,worn,absent,Back,Facing,none,none
Pave1_002076.png,2,1,0.9713262043204518,3.0,3.730469,-0.7304689999999998,Careful,Careful,True,True,worn,worn,Back,Back,none,none
Pave1_002088.png,1,2,0.9406685906876121,6.0,8.148438,-2.1484380000000005,Careful,Safe,True,True,worn,absent,Back,Facing,none,partial
Pave1_002088.png,2,1,0.9905629449600913,3.0,4.042969,-1.0429690000000003,Careful,Careful,True,True,worn,worn,Back,Back,none,none
Pave1_002106.png,1,2,0.9226522394300158,6.0,8.84375,-2.84375,Careful,Safe,True,True,worn,absent,Back,Facing,none,none
Pave1_002106.png,2,1,0.9865519281491305,3.0,4.488281,-1.4882809999999997,Careful,Careful,True,True,worn,worn,Back,Back,none,none
Pave1_002118.png,1,2,0.8561586058854344,6.0,,,Safe,,True,True,worn,absent,Back,Facing,none,partial
Pave1_002118.png,2,1,0.988763631644595,3.0,4.824219,-1.8242190000000003,Careful,Careful,True,True,worn,worn,Back,Back,none,none
Pave1_002148.png,1,2,0.9287265685113962,6.0,,,Safe,,True,True,worn,worn,Back,Side,none,none
Pave1_002148.png,2,1,0.9704610299872023,3.0,5.658203,-2.6582030000000003,Careful,Careful,True,True,worn,worn,Back,Back,none,none
Pave1_002160.png,1,2,0.6896010312135697,6.0,,,Safe,,True,True,worn,worn,Back,Facing,none,none
Pave1_002160.png,2,1,0.982592060348384,3.0,5.972656,-2.9726559999999997,Careful,Careful,True,True,worn,worn,Back,Side,none,none
Pave1_002172.png,1,2,0.9452094281143726,6.0,8.484375,-2.484375,Careful,Safe,True,True,worn,worn,Back,Facing,none,none
Pave1_002172.png,2,1,0.9493360030186129,3.0,6.101562,-3.1015620000000004,Careful,Safe,True,True,worn,worn,Back,Side,none,none
Pave1_002190.png,1,2,0.9302659078193267,8.0,,,Safe,,True,True,worn,worn,Facing,Facing,none,none
Pave1_002190.png,2,1,0.9490472438245804,8.0,6.734375,1.265625,Safe,Safe,True,True,worn,worn,Side,Side,none,none
Pave1_002202.png,1,2,0.9467672300317374,6.0,,,Safe,,True,True,worn,worn,Back,Side,none,none
Pave1_002202.png,2,1,0.6321822253195846,3.0,,,Careful,,True,True,worn,worn,Back,Side,none,none
Pave1_002214.png,1,1,0.8777783242650714,6.0,7.140625,-1.140625,Careful,Safe,True,True,worn,worn,Back,Facing,none,none
Pave1_002214.png,2,2,0.9684830758213351,3.0,6.949219,-3.9492190000000003,Careful,Safe,True,True,worn,worn,Back,Side,none,none
Pave1_002232.png,1,2,0.962765229093844,6.0,7.234375,-1.234375,Careful,Safe,True,True,worn,worn,Back,Facing,none,none
Pave1_002232.png,2,1,0.9784995953883834,3.0,6.958984,-3.958984,Careful,Safe,True,True,worn,worn,Back,Facing,none,none
Pave1_002244.png,1,2,0.8899509867112757,15.0,7.363281,7.636719,Safe,Safe,True,True,worn,worn,Side,Facing,none,none
Pave1_002244.png,2,1,0.9793491060707095,12.0,,,Safe,,True,True,worn,worn,Facing,Facing,none,none
Pave1_002262.png,1,2,0.9526973906361675,15.0,7.509766,7.490234,Safe,Safe,True,True,worn,worn,Side,Facing,none,none
Pave1_002262.png,2,1,0.9653719911100896,10.0,6.507812,3.4921879999999996,Safe,Safe,True,True,worn,worn,Facing,Facing,none,none
Pave1_002274.png,1,2,0.9685937654466489,15.0,7.496094,7.503906,Safe,Safe,True,True,worn,worn,Side,Facing,none,none
Pave1_002274.png,2,1,0.9803532832989638,8.0,6.164062,1.8359379999999996,Safe,Safe,True,True,worn,worn,Facing,Facing,none,none
Pave1_002286.png,1,2,0.9352576489772761,15.0,7.46875,7.53125,Safe,Safe,True,True,worn,worn,Side,Facing,none,partial
Pave1_002286.png,2,1,0.9909816188674724,7.0,5.742188,1.2578120000000004,Safe,Careful,True,True,worn,worn,Facing,Facing,none,none
Pave1_002298.png,1,2,0.9075286955238295,15.0,7.328125,7.671875,Safe,Safe,True,True,worn,worn,Side,Facing,none,partial
Pave1_002298.png,2,1,0.9851908045311707,6.0,5.417969,0.5820309999999997,Careful,Careful,True,True,worn,worn,Facing,Facing,none,none
Pave1_002310.png,1,2,0.9803892199992608,8.0,6.9375,1.0625,Safe,Safe,True,True,worn,worn,Facing,Side,none,none
Pave1_002310.png,2,1,0.9914610772313137,5.0,5.054688,-0.054687999999999626,Careful,Careful,True,True,worn,worn,Facing,Facing,none,none
Pave1_002322.png,1,2,0.9871144398871363,15.0,6.480469,8.519531,Safe,Safe,True,True,worn,worn,Side,Facing,none,none
Pave1_002322.png,2,1,0.971431995206007,5.0,4.746094,0.25390599999999974,Careful,Careful,True,True,worn,worn,Facing,Facing,none,none
Pave1_002334.png,1,2,0.9611253906923922,15.0,6.820312,8.179687999999999,Safe,Safe,True,True,worn,worn,Side,Facing,none,partial
Pave1_002334.png,2,1,0.9573284657958584,4.0,4.34375,-0.34375,Careful,Careful,True,True,worn,worn,Facing,Facing,none,none
Pave1_002346.png,1,2,0.9179174171967042,15.0,6.417969,8.582031,Safe,Safe,True,True,worn,worn,Side,Facing,none,none
Pave1_002346.png,2,1,0.9652351265506867,3.0,3.988281,-0.9882810000000002,Careful,Careful,True,True,worn,worn,Facing,Facing,none,none
Pave1_002424.png,1,2,0.9482477606155527,8.0,4.265625,3.734375,Safe,Careful,True,True,worn,absent,Facing,Facing,none,none
Pave1_002424.png,2,1,0.9510232455498764,3.0,1.697266,1.302734,Careful,Close,True,True,worn,worn,Facing,Side,none,partial
Pave1_002436.png,1,2,0.9779750900547101,8.0,3.980469,4.019531000000001,Safe,Careful,True,True,worn,worn,Facing,Facing,none,none
Pave1_002436.png,2,1,0.9831384168339771,3.0,1.454102,1.545898,Careful,Close,True,True,worn,worn,Facing,Facing,none,partial
Pave1_002454.png,1,2,0.9760563317585809,10.0,3.404297,6.595703,Safe,Careful,True,True,worn,worn,Facing,Facing,none,none
Pave1_002454.png,2,1,0.9847743248585055,2.0,1.152344,0.847656,Close,Close,True,True,worn,worn,Side,Facing,none,none
Pave1_002472.png,1,2,0.9563776265803063,10.0,2.957031,7.042968999999999,Safe,Close,True,True,worn,worn,Facing,Facing,none,none
Pave1_002472.png,2,1,0.9709894782536855,1.5,0.945312,0.554688,Close,Close,True,True,worn,worn,Side,Side,none,partial
Pave1_002490.png,1,2,0.9428492099175513,10.0,2.255859,7.744141,Safe,Close,True,True,worn,worn,Facing,Facing,none,partial
Pave1_002490.png,2,1,0.909826343999675,3.0,1.112305,1.887695,Careful,Close,True,True,worn,worn,Back,Side,none,partial
Pave1_002502.png,1,1,0.9879380386701411,8.0,1.708008,6.2919920000000005,Safe,Close,True,True,worn,worn,Facing,Facing,none,partial
Pave1_002502.png,2,2,0.9315078086980019,4.0,1.342773,2.657227,Careful,Close,True,True,worn,worn,Back,Back,none,partial
Pave1_002514.png,1,1,0.9888722816152102,1.0,1.175781,-0.17578099999999997,Close,Close,True,True,worn,worn,Facing,Facing,none,partial
Pave1_002514.png,2,2,0.9841746612183966,5.0,1.648926,3.351074,Careful,Close,True,True,worn,worn,Back,Back,none,none
Pave1_002526.png,1,1,0.9923592535275936,5.0,1.954102,3.045898,Careful,Close,True,True,worn,worn,Back,Back,none,partial
Pave1_002538.png,1,1,0.975743058268409,6.0,2.212891,3.787109,Careful,Close,True,True,worn,worn,Back,Back,none,partial
Pave1_002550.png,1,1,0.9299763106321804,7.0,2.503906,4.496093999999999,Safe,Close,True,True,worn,worn,Back,Back,none,none
Pave1_002562.png,1,1,0.9745597972175541,8.0,2.736328,5.263672,Safe,Close,True,True,worn,worn,Side,Side,none,partial
Pave1_002580.png,1,1,0.9651569517895003,9.0,2.730469,6.269531000000001,Safe,Close,True,True,worn,worn,Facing,Facing,none,none
Pave1_002592.png,1,1,0.9818187435854671,10.0,2.513672,7.486328,Safe,Close,True,True,worn,worn,Facing,Facing,none,partial
Pave1_002610.png,1,1,0.9877391096450415,11.0,2.138672,8.861328,Safe,Close,True,True,worn,worn,Facing,Facing,none,none
Pave1_002622.png,1,1,0.9768499019817953,3.0,1.902344,1.097656,Careful,Close,True,True,worn,worn,Facing,Facing,none,partial
Pave1_002634.png,1,1,0.9878050228014662,12.0,1.68457,10.31543,Safe,Close,True,True,worn,worn,Facing,Facing,none,partial
Pave1_002646.png,1,1,0.9715569494587731,3.0,1.438477,1.561523,Careful,Close,True,True,worn,worn,Facing,Facing,none,partial
Pave2_000000.png,1,1,0.9525375685419888,3.0,1.276367,1.723633,Careful,Close,True,True,worn,worn,Back,Back,none,none
Pave2_000012.png,1,1,0.9942123567995014,5.0,1.613281,3.3867190000000003,Careful,Close,True,True,worn,worn,Back,Back,none,partial
Pave2_000024.png,1,2,0.7948219362304502,25.0,18.46875,6.53125,Safe,Safe,uncertain,False,uncertain,absent,uncertain,Side,none,heavy
Pave2_000024.png,2,1,0.9790787718412454,3.0,1.875977,1.124023,Careful,Close,True,True,worn,worn,Back,Back,none,none
Pave2_000036.png,1,1,0.991326271977896,6.0,2.161133,3.838867,Careful,Close,True,True,worn,worn,Back,Back,none,partial
Pave2_000048.png,1,2,0.8036244366567861,25.0,18.5625,6.4375,Safe,Safe,uncertain,False,uncertain,absent,uncertain,Side,none,heavy
Pave2_000048.png,2,1,0.9881691121559454,5.0,2.523438,2.476562,Careful,Close,True,True,worn,worn,Back,Back,none,partial
Pave2_000066.png,1,2,0.8025491232739262,25.0,18.578125,6.421875,Safe,Safe,uncertain,False,uncertain,absent,uncertain,Back,none,heavy
Pave2_000066.png,2,1,0.9866562085531406,7.0,2.916016,4.083984,Safe,Close,True,True,worn,worn,Back,Back,none,none
Pave2_000084.png,1,2,0.8637889506156389,20.0,18.140625,1.859375,Safe,Safe,uncertain,False,uncertain,absent,uncertain,uncertain,none,partial
Pave2_000084.png,2,1,0.9653149465915504,4.0,3.453125,0.546875,Careful,Careful,True,True,worn,worn,Back,Back,none,none
Pave2_000096.png,1,2,0.8416246963102871,25.0,18.492188,6.507812000000001,Safe,Safe,uncertain,False,uncertain,absent,uncertain,uncertain,none,uncertain
Pave2_000096.png,2,1,0.9858726106045661,8.0,3.728516,4.271484,Safe,Careful,True,True,worn,worn,Back,Back,none,none
Pave2_000120.png,1,1,0.96909411309495,10.0,4.371094,5.628906,Safe,Careful,True,True,worn,worn,Back,Back,none,none
Pave2_000132.png,1,1,0.9757393268086744,12.0,4.722656,7.277344,Safe,Careful,True,True,worn,worn,Back,Back,none,none
Pave2_000144.png,1,1,0.9712329080883013,14.0,5.035156,8.964844,Safe,Careful,True,True,worn,worn,Back,Back,none,none
Pave2_000156.png,1,1,0.9708910434056595,8.0,5.431641,2.568359,Safe,Careful,True,True,worn,worn,Back,Back,none,none
Pave2_000168.png,1,1,0.9673281969124635,16.0,5.839844,10.160156,Safe,Careful,True,True,worn,worn,Back,Back,none,none
Pave2_000180.png,1,1,0.9611322510860613,18.0,6.261719,11.738281,Safe,Safe,True,True,worn,worn,Back,Back,none,none
Pave2_000192.png,1,1,0.9835880975804105,20.0,17.28125,2.71875,Safe,Safe,True,True,worn,worn,Back,Back,none,none
Pave2_000210.png,1,1,0.9688278511238831,22.0,7.226562,14.773437999999999,Safe,Safe,True,True,worn,worn,Back,Side,none,none
Pave2_000222.png,1,1,0.9829080950319325,8.0,,,Safe,,True,True,worn,worn,Side,Side,none,none
Pave2_000234.png,1,1,0.9526674432216584,24.0,,,Safe,,True,True,worn,worn,Side,Side,none,none
Pave2_000246.png,1,1,0.9190732933987479,26.0,16.710938,9.289062000000001,Safe,Safe,True,True,worn,worn,Side,Side,none,none
Pave2_000258.png,1,1,0.9543603427124759,28.0,16.84375,11.15625,Safe,Safe,True,True,worn,worn,Side,Side,none,none
Pave2_000270.png,1,1,0.9678376168875019,30.0,19.101562,10.898437999999999,Safe,Safe,True,True,worn,worn,Side,Facing,none,none
Pave2_000282.png,1,1,0.950135808571721,25.0,7.404297,17.595703,Safe,Safe,True,True,worn,worn,Side,Facing,none,none
Pave2_000300.png,1,1,0.9794627802850424,20.0,7.208984,12.791015999999999,Safe,Safe,True,True,worn,worn,Facing,Facing,none,none
Pave2_000312.png,1,1,0.9675041805380381,18.0,6.570312,11.429687999999999,Safe,Safe,True,True,worn,worn,Facing,Facing,none,none
Pave2_000324.png,1,1,0.9567068230686151,16.0,,,Safe,,True,True,worn,worn,Facing,Facing,none,none
Pave2_000342.png,1,1,0.983973214243471,14.0,5.582031,8.417969,Safe,Careful,True,True,worn,worn,Facing,Facing,none,none
Pave2_000360.png,1,1,0.9630154219745576,12.0,5.0625,6.9375,Safe,Careful,True,True,worn,worn,Facing,Facing,none,none
Pave2_000384.png,1,1,0.9747708890057397,10.0,4.316406,5.683594,Safe,Careful,True,True,worn,worn,Facing,Facing,none,none
Pave2_000396.png,1,1,0.9648750177598693,8.0,3.898438,4.1015619999999995,Safe,Careful,True,True,worn,worn,Facing,Facing,none,none
Pave2_000408.png,1,1,0.9421524803695405,6.0,3.457031,2.542969,Careful,Careful,True,True,worn,worn,Facing,Facing,none,none
Pave2_000420.png,1,1,0.9709180521768217,4.0,3.140625,0.859375,Careful,Careful,True,True,worn,worn,Facing,Facing,none,none
Pave2_000432.png,1,1,0.9719688899811444,3.0,2.785156,0.2148439999999998,Careful,Close,True,True,worn,worn,Facing,Side,none,none
Pave2_000456.png,1,1,0.9867983182562673,3.5,2.201172,1.2988279999999999,Careful,Close,True,True,worn,worn,Side,Side,none,partial
Pave2_000468.png,1,1,0.991886855950519,3.5,1.867188,1.632812,Careful,Close,True,True,worn,worn,Side,Side,none,partial
Pave2_000618.png,1,1,0.9861732498471061,4.0,2.820312,1.179688,Careful,Close,True,True,worn,worn,Side,Side,none,partial
Pave2_000630.png,1,1,0.9597156342010785,3.7,3.230469,0.46953100000000036,Careful,Careful,True,True,worn,worn,Back,Side,none,none
Pave2_000660.png,1,1,0.9400767190005896,8.0,4.035156,3.9648440000000003,Safe,Careful,True,True,worn,worn,Back,Back,none,none
Pave2_000672.png,1,1,0.9775273291965242,4.7,4.40625,0.2937500000000002,Careful,Careful,True,True,worn,worn,Back,Back,none,none
Pave2_000684.png,1,1,0.9623488819480281,5.1,4.792969,0.3070309999999994,Careful,Careful,True,True,worn,worn,Back,Back,none,none
Pave2_000696.png,1,1,0.9582547327476346,8.0,5.09375,2.90625,Safe,Careful,True,True,worn,worn,Back,Back,none,none
Pave2_000708.png,1,1,0.9770176614922738,6.0,5.550781,0.44921900000000026,Careful,Careful,True,True,worn,worn,Back,Back,none,none
Pave2_000732.png,1,1,0.9626080028596135,6.7,,,Safe,,True,True,worn,worn,Back,Back,none,partial
Pave2_000750.png,1,1,0.9331289349325556,7.1,6.492188,0.607812,Safe,Safe,True,True,worn,worn,Side,Side,none,none
Pave2_000768.png,1,1,0.9662908366242958,7.1,6.621094,0.4789059999999994,Safe,Safe,True,True,worn,worn,Side,Side,none,none
Pave2_000786.png,1,1,0.9758358392240843,8.0,6.388672,1.6113280000000003,Safe,Safe,True,True,worn,worn,Side,Facing,none,none
Pave2_000822.png,1,1,0.9573679860610904,5.5,5.232422,0.2675780000000003,Careful,Careful,True,True,worn,worn,uncertain,Facing,none,none
Pave2_000840.png,1,1,0.968930593638461,4.9,4.699219,0.2007810000000001,Careful,Careful,True,True,worn,worn,uncertain,Facing,none,none
Pave2_000870.png,1,1,0.9360909504613827,5.0,3.828125,1.171875,Careful,Careful,True,True,worn,worn,Facing,Facing,none,none
Pave2_000888.png,1,1,0.9756143894176554,5.0,3.412109,1.587891,Careful,Careful,True,True,worn,worn,Side,Side,none,none
Pave2_000906.png,1,1,0.9823415590718315,5.0,3.46875,1.53125,Careful,Careful,True,True,worn,worn,Side,Side,none,none
Pave2_000918.png,1,1,0.977636172295721,3.9,3.689453,0.21054700000000004,Careful,Careful,True,True,worn,worn,Back,Back,none,none
Pave2_000930.png,1,1,0.9748675427115976,4.3,3.984375,0.3156249999999998,Careful,Careful,True,True,worn,worn,Back,Back,none,none
Pave2_000948.png,1,1,0.9786473474445723,4.9,4.570312,0.329688,Careful,Careful,True,True,worn,worn,Back,Back,none,none
Pave2_000960.png,1,1,0.9775434243472855,5.2,4.90625,0.2937500000000002,Careful,Careful,True,True,worn,worn,Back,Back,none,none
Pave2_000972.png,1,1,0.9895654774963989,5.6,5.296875,0.30312499999999964,Careful,Careful,True,True,worn,worn,Back,Back,none,none
Pave2_000984.png,1,1,0.9835477698949336,8.0,5.703125,2.296875,Safe,Careful,True,True,worn,worn,Back,Back,none,none
Pave2_000996.png,1,1,0.9754846183045611,6.5,6.078125,0.421875,Safe,Safe,True,True,worn,worn,Back,Back,none,none
Pave2_001014.png,1,1,0.9743909953659973,7.1,6.638672,0.46132799999999996,Safe,Safe,True,True,worn,worn,Back,Back,none,partial
Pave2_001038.png,1,1,0.9522018625632371,7.5,7.007812,0.4921879999999996,Safe,Safe,True,True,worn,worn,Side,Side,none,none
Pave2_001050.png,1,1,0.954674038024629,7.4,6.871094,0.5289060000000001,Safe,Safe,True,True,worn,worn,uncertain,Facing,none,none
Pave2_001068.png,1,1,0.9713236065686783,7.1,6.585938,0.514062,Safe,Safe,True,True,worn,absent,uncertain,Facing,none,none
Pave2_001080.png,1,1,0.9839488291300736,6.7,6.267578,0.43242199999999986,Safe,Safe,True,True,worn,worn,uncertain,Facing,none,none
Pave2_001110.png,1,1,0.9535287730848578,5.8,5.488281,0.3117190000000001,Careful,Careful,True,True,worn,worn,uncertain,Facing,none,none
Pave2_001122.png,1,1,0.9796055863565301,5.1,5.101562,-0.0015620000000007295,Careful,Careful,True,True,worn,worn,uncertain,Facing,none,none
Pave2_001134.png,1,1,0.9866763603782154,4.6,4.644531,-0.0445310000000001,Careful,Careful,True,True,worn,worn,uncertain,Facing,none,none
Pave2_001152.png,1,1,0.9693639939023773,3.9,3.945312,-0.04531200000000002,Careful,Careful,True,True,worn,worn,uncertain,Facing,none,none
Pave2_001170.png,1,1,0.9812703845242042,3.7,3.28125,0.4187500000000002,Careful,Careful,True,True,worn,worn,uncertain,Facing,none,none
Pave2_001182.png,1,1,0.9709437692094025,3.7,2.958984,0.7410160000000001,Careful,Close,True,True,worn,worn,uncertain,Facing,none,none
Pave2_001194.png,1,1,0.9757145102664779,3.5,2.529297,0.9707029999999999,Careful,Close,True,True,worn,worn,uncertain,Side,none,none
Pave2_001212.png,1,1,0.9802895219288701,5.0,2.099609,2.900391,Careful,Close,True,True,worn,worn,Side,Side,none,none
Pave2_001422.png,1,1,0.9870474366979961,4.0,2.40332,1.59668,Careful,Close,True,True,worn,worn,Facing,Side,none,partial
Pave2_001434.png,1,1,0.9729757045673196,3.5,2.050781,1.4492189999999998,Careful,Close,True,True,worn,worn,uncertain,Side,none,none
Pave2_001452.png,1,1,0.991562933385475,3.4,1.938477,1.461523,Careful,Close,True,True,worn,worn,uncertain,Side,none,none
Pave2_001470.png,1,1,0.9580615086537757,3.4,1.685547,1.714453,Careful,Close,True,True,worn,worn,Side,Side,none,partial
Pave2_001482.png,1,1,0.9660363726208548,3.0,1.537109,1.462891,Careful,Close,True,True,worn,worn,Side,Side,none,partial
Pave2_001494.png,1,1,0.9770084247491428,3.3,1.400391,1.8996089999999999,Careful,Close,True,True,worn,worn,Side,Side,none,none
Pave2_001506.png,1,1,0.9834831766099702,3.1,1.284668,1.8153320000000002,Careful,Close,True,True,worn,worn,Back,Back,none,partial
Pave2_001518.png,1,1,0.9890382022851805,3.2,1.484375,1.7156250000000002,Careful,Close,True,True,worn,worn,Back,Back,none,partial
Pave2_001530.png,1,1,0.9799419384785784,3.3,1.727539,1.5724609999999999,Careful,Close,True,True,worn,worn,Back,Back,none,partial
Pave2_001542.png,1,1,0.9733151450140287,3.4,2.091797,1.3082029999999998,Careful,Close,True,True,worn,worn,Back,Back,none,none
Pave2_001554.png,1,1,0.9395729672013066,3.5,2.443359,1.056641,Careful,Close,True,True,worn,worn,Back,Back,none,none
Pave2_001572.png,1,1,0.989494205421942,3.6,2.912109,0.687891,Careful,Close,True,True,worn,worn,Back,Back,none,none
Pave2_001590.png,1,1,0.9805003493000605,3.8,3.347656,0.45234399999999964,Careful,Careful,True,True,worn,worn,Back,Back,none,none
Pave2_001608.png,1,1,0.9762903924490736,4.3,3.833984,0.46601599999999976,Careful,Careful,True,True,worn,worn,Back,Back,none,none
Pave2_001620.png,1,1,0.9531774636021685,8.0,4.164062,3.8359379999999996,Safe,Careful,True,True,worn,worn,Back,Back,none,none
Pave2_001638.png,1,1,0.9742563690688529,4.9,4.648438,0.25156200000000073,Careful,Careful,True,True,worn,worn,Back,Back,none,none
Pave2_001650.png,1,1,0.9562700202808226,8.0,4.949219,3.0507809999999997,Safe,Careful,True,True,worn,worn,Back,Back,none,none
Pave2_001662.png,1,1,0.9858531089237893,5.5,5.265625,0.234375,Careful,Careful,True,True,worn,worn,Back,Back,none,none
Pave2_001674.png,1,1,0.968750344641987,6.0,5.625,0.375,Careful,Careful,True,True,worn,worn,Back,Back,none,none
Pave2_001686.png,1,1,0.9694821108489144,6.2,6.011719,0.18828099999999992,Safe,Safe,True,True,worn,worn,Back,Back,none,none
Pave2_001698.png,1,1,0.9740914294393651,6.7,6.164062,0.5359379999999998,Safe,Safe,True,True,worn,worn,Back,Back,none,none
Pave2_001710.png,1,1,0.9573972807261846,8.0,6.660156,1.3398440000000003,Safe,Safe,True,True,worn,worn,Side,Side,none,none
Pave2_001722.png,1,1,0.8381982700817662,7.2,,,Safe,,True,True,worn,worn,Side,Side,none,none
Pave2_001740.png,1,1,0.6815631859529926,6.8,6.679688,0.1203120000000002,Safe,Safe,True,True,worn,worn,uncertain,Facing,none,none
Pave2_001752.png,1,1,0.9652935866025667,6.8,6.492188,0.3078120000000002,Safe,Safe,True,True,worn,worn,uncertain,Facing,none,none
Pave2_001764.png,1,1,0.9599926045008104,6.3,5.941406,0.3585940000000001,Safe,Careful,True,True,worn,worn,uncertain,Facing,none,none
Pave2_001806.png,1,1,0.9774686493040021,8.0,4.789062,3.2109379999999996,Safe,Careful,True,True,worn,worn,Facing,Facing,none,none
